-- MariaDB dump 10.19-11.0.2-MariaDB, for debian-linux-gnu (x86_64)
--
-- Host: localhost    Database: redmine
-- ------------------------------------------------------
-- Server version	11.0.2-MariaDB-1:11.0.2+maria~ubu2204

/*!40101 SET @OLD_CHARACTER_SET_CLIENT=@@CHARACTER_SET_CLIENT */;
/*!40101 SET @OLD_CHARACTER_SET_RESULTS=@@CHARACTER_SET_RESULTS */;
/*!40101 SET @OLD_COLLATION_CONNECTION=@@COLLATION_CONNECTION */;
/*!40101 SET NAMES utf8mb4 */;
/*!40103 SET @OLD_TIME_ZONE=@@TIME_ZONE */;
/*!40103 SET TIME_ZONE='+00:00' */;
/*!40014 SET @OLD_UNIQUE_CHECKS=@@UNIQUE_CHECKS, UNIQUE_CHECKS=0 */;
/*!40014 SET @OLD_FOREIGN_KEY_CHECKS=@@FOREIGN_KEY_CHECKS, FOREIGN_KEY_CHECKS=0 */;
/*!40101 SET @OLD_SQL_MODE=@@SQL_MODE, SQL_MODE='NO_AUTO_VALUE_ON_ZERO' */;
/*!40111 SET @OLD_SQL_NOTES=@@SQL_NOTES, SQL_NOTES=0 */;

--
-- Table structure for table `ar_internal_metadata`
--

DROP TABLE IF EXISTS `ar_internal_metadata`;
/*!40101 SET @saved_cs_client     = @@character_set_client */;
/*!40101 SET character_set_client = utf8 */;
CREATE TABLE `ar_internal_metadata` (
  `key` varchar(255) NOT NULL,
  `value` varchar(255) DEFAULT NULL,
  `created_at` datetime(6) NOT NULL,
  `updated_at` datetime(6) NOT NULL,
  PRIMARY KEY (`key`)
) ENGINE=InnoDB DEFAULT CHARSET=utf8mb4 COLLATE=utf8mb4_general_ci;
/*!40101 SET character_set_client = @saved_cs_client */;

--
-- Dumping data for table `ar_internal_metadata`
--

LOCK TABLES `ar_internal_metadata` WRITE;
/*!40000 ALTER TABLE `ar_internal_metadata` DISABLE KEYS */;
INSERT INTO `ar_internal_metadata` VALUES
('environment','production','2023-07-08 06:18:50.604967','2023-07-08 06:18:50.604967');
/*!40000 ALTER TABLE `ar_internal_metadata` ENABLE KEYS */;
UNLOCK TABLES;

--
-- Table structure for table `attachments`
--

DROP TABLE IF EXISTS `attachments`;
/*!40101 SET @saved_cs_client     = @@character_set_client */;
/*!40101 SET character_set_client = utf8 */;
CREATE TABLE `attachments` (
  `id` int(11) NOT NULL AUTO_INCREMENT,
  `container_id` int(11) DEFAULT NULL,
  `container_type` varchar(30) DEFAULT NULL,
  `filename` varchar(255) NOT NULL DEFAULT '',
  `disk_filename` varchar(255) NOT NULL DEFAULT '',
  `filesize` bigint(20) NOT NULL DEFAULT 0,
  `content_type` varchar(255) DEFAULT '',
  `digest` varchar(64) NOT NULL DEFAULT '',
  `downloads` int(11) NOT NULL DEFAULT 0,
  `author_id` int(11) NOT NULL DEFAULT 0,
  `created_on` timestamp NULL DEFAULT NULL,
  `description` varchar(255) DEFAULT NULL,
  `disk_directory` varchar(255) DEFAULT NULL,
  PRIMARY KEY (`id`),
  KEY `index_attachments_on_author_id` (`author_id`),
  KEY `index_attachments_on_created_on` (`created_on`),
  KEY `index_attachments_on_container_id_and_container_type` (`container_id`,`container_type`),
  KEY `index_attachments_on_disk_filename` (`disk_filename`)
) ENGINE=InnoDB DEFAULT CHARSET=utf8mb4 COLLATE=utf8mb4_general_ci;
/*!40101 SET character_set_client = @saved_cs_client */;

--
-- Dumping data for table `attachments`
--

LOCK TABLES `attachments` WRITE;
/*!40000 ALTER TABLE `attachments` DISABLE KEYS */;
/*!40000 ALTER TABLE `attachments` ENABLE KEYS */;
UNLOCK TABLES;

--
-- Table structure for table `auth_sources`
--

DROP TABLE IF EXISTS `auth_sources`;
/*!40101 SET @saved_cs_client     = @@character_set_client */;
/*!40101 SET character_set_client = utf8 */;
CREATE TABLE `auth_sources` (
  `id` int(11) NOT NULL AUTO_INCREMENT,
  `type` varchar(30) NOT NULL DEFAULT '',
  `name` varchar(60) NOT NULL DEFAULT '',
  `host` varchar(60) DEFAULT NULL,
  `port` int(11) DEFAULT NULL,
  `account` varchar(255) DEFAULT NULL,
  `account_password` varchar(255) DEFAULT '',
  `base_dn` varchar(255) DEFAULT NULL,
  `attr_login` varchar(30) DEFAULT NULL,
  `attr_firstname` varchar(30) DEFAULT NULL,
  `attr_lastname` varchar(30) DEFAULT NULL,
  `attr_mail` varchar(30) DEFAULT NULL,
  `onthefly_register` tinyint(1) NOT NULL DEFAULT 0,
  `tls` tinyint(1) NOT NULL DEFAULT 0,
  `filter` text DEFAULT NULL,
  `timeout` int(11) DEFAULT NULL,
  `verify_peer` tinyint(1) NOT NULL DEFAULT 1,
  PRIMARY KEY (`id`),
  KEY `index_auth_sources_on_id_and_type` (`id`,`type`)
) ENGINE=InnoDB DEFAULT CHARSET=utf8mb4 COLLATE=utf8mb4_general_ci;
/*!40101 SET character_set_client = @saved_cs_client */;

--
-- Dumping data for table `auth_sources`
--

LOCK TABLES `auth_sources` WRITE;
/*!40000 ALTER TABLE `auth_sources` DISABLE KEYS */;
/*!40000 ALTER TABLE `auth_sources` ENABLE KEYS */;
UNLOCK TABLES;

--
-- Table structure for table `boards`
--

DROP TABLE IF EXISTS `boards`;
/*!40101 SET @saved_cs_client     = @@character_set_client */;
/*!40101 SET character_set_client = utf8 */;
CREATE TABLE `boards` (
  `id` int(11) NOT NULL AUTO_INCREMENT,
  `project_id` int(11) NOT NULL,
  `name` varchar(255) NOT NULL DEFAULT '',
  `description` varchar(255) DEFAULT NULL,
  `position` int(11) DEFAULT NULL,
  `topics_count` int(11) NOT NULL DEFAULT 0,
  `messages_count` int(11) NOT NULL DEFAULT 0,
  `last_message_id` int(11) DEFAULT NULL,
  `parent_id` int(11) DEFAULT NULL,
  PRIMARY KEY (`id`),
  KEY `boards_project_id` (`project_id`),
  KEY `index_boards_on_last_message_id` (`last_message_id`)
) ENGINE=InnoDB DEFAULT CHARSET=utf8mb4 COLLATE=utf8mb4_general_ci;
/*!40101 SET character_set_client = @saved_cs_client */;

--
-- Dumping data for table `boards`
--

LOCK TABLES `boards` WRITE;
/*!40000 ALTER TABLE `boards` DISABLE KEYS */;
/*!40000 ALTER TABLE `boards` ENABLE KEYS */;
UNLOCK TABLES;

--
-- Table structure for table `changes`
--

DROP TABLE IF EXISTS `changes`;
/*!40101 SET @saved_cs_client     = @@character_set_client */;
/*!40101 SET character_set_client = utf8 */;
CREATE TABLE `changes` (
  `id` int(11) NOT NULL AUTO_INCREMENT,
  `changeset_id` int(11) NOT NULL,
  `action` varchar(1) NOT NULL DEFAULT '',
  `path` text NOT NULL,
  `from_path` text DEFAULT NULL,
  `from_revision` varchar(255) DEFAULT NULL,
  `revision` varchar(255) DEFAULT NULL,
  `branch` varchar(255) DEFAULT NULL,
  PRIMARY KEY (`id`),
  KEY `changesets_changeset_id` (`changeset_id`)
) ENGINE=InnoDB DEFAULT CHARSET=utf8mb4 COLLATE=utf8mb4_general_ci;
/*!40101 SET character_set_client = @saved_cs_client */;

--
-- Dumping data for table `changes`
--

LOCK TABLES `changes` WRITE;
/*!40000 ALTER TABLE `changes` DISABLE KEYS */;
/*!40000 ALTER TABLE `changes` ENABLE KEYS */;
UNLOCK TABLES;

--
-- Table structure for table `changeset_parents`
--

DROP TABLE IF EXISTS `changeset_parents`;
/*!40101 SET @saved_cs_client     = @@character_set_client */;
/*!40101 SET character_set_client = utf8 */;
CREATE TABLE `changeset_parents` (
  `changeset_id` int(11) NOT NULL,
  `parent_id` int(11) NOT NULL,
  KEY `changeset_parents_changeset_ids` (`changeset_id`),
  KEY `changeset_parents_parent_ids` (`parent_id`)
) ENGINE=InnoDB DEFAULT CHARSET=utf8mb4 COLLATE=utf8mb4_general_ci;
/*!40101 SET character_set_client = @saved_cs_client */;

--
-- Dumping data for table `changeset_parents`
--

LOCK TABLES `changeset_parents` WRITE;
/*!40000 ALTER TABLE `changeset_parents` DISABLE KEYS */;
/*!40000 ALTER TABLE `changeset_parents` ENABLE KEYS */;
UNLOCK TABLES;

--
-- Table structure for table `changesets`
--

DROP TABLE IF EXISTS `changesets`;
/*!40101 SET @saved_cs_client     = @@character_set_client */;
/*!40101 SET character_set_client = utf8 */;
CREATE TABLE `changesets` (
  `id` int(11) NOT NULL AUTO_INCREMENT,
  `repository_id` int(11) NOT NULL,
  `revision` varchar(255) NOT NULL,
  `committer` varchar(255) DEFAULT NULL,
  `committed_on` datetime NOT NULL,
  `comments` longtext DEFAULT NULL,
  `commit_date` date DEFAULT NULL,
  `scmid` varchar(255) DEFAULT NULL,
  `user_id` int(11) DEFAULT NULL,
  PRIMARY KEY (`id`),
  UNIQUE KEY `changesets_repos_rev` (`repository_id`,`revision`),
  KEY `index_changesets_on_user_id` (`user_id`),
  KEY `index_changesets_on_repository_id` (`repository_id`),
  KEY `index_changesets_on_committed_on` (`committed_on`),
  KEY `changesets_repos_scmid` (`repository_id`,`scmid`)
) ENGINE=InnoDB DEFAULT CHARSET=utf8mb4 COLLATE=utf8mb4_general_ci;
/*!40101 SET character_set_client = @saved_cs_client */;

--
-- Dumping data for table `changesets`
--

LOCK TABLES `changesets` WRITE;
/*!40000 ALTER TABLE `changesets` DISABLE KEYS */;
/*!40000 ALTER TABLE `changesets` ENABLE KEYS */;
UNLOCK TABLES;

--
-- Table structure for table `changesets_issues`
--

DROP TABLE IF EXISTS `changesets_issues`;
/*!40101 SET @saved_cs_client     = @@character_set_client */;
/*!40101 SET character_set_client = utf8 */;
CREATE TABLE `changesets_issues` (
  `changeset_id` int(11) NOT NULL,
  `issue_id` int(11) NOT NULL,
  UNIQUE KEY `changesets_issues_ids` (`changeset_id`,`issue_id`),
  KEY `index_changesets_issues_on_issue_id` (`issue_id`)
) ENGINE=InnoDB DEFAULT CHARSET=utf8mb4 COLLATE=utf8mb4_general_ci;
/*!40101 SET character_set_client = @saved_cs_client */;

--
-- Dumping data for table `changesets_issues`
--

LOCK TABLES `changesets_issues` WRITE;
/*!40000 ALTER TABLE `changesets_issues` DISABLE KEYS */;
/*!40000 ALTER TABLE `changesets_issues` ENABLE KEYS */;
UNLOCK TABLES;

--
-- Table structure for table `comments`
--

DROP TABLE IF EXISTS `comments`;
/*!40101 SET @saved_cs_client     = @@character_set_client */;
/*!40101 SET character_set_client = utf8 */;
CREATE TABLE `comments` (
  `id` int(11) NOT NULL AUTO_INCREMENT,
  `commented_type` varchar(30) NOT NULL DEFAULT '',
  `commented_id` int(11) NOT NULL DEFAULT 0,
  `author_id` int(11) NOT NULL DEFAULT 0,
  `content` text DEFAULT NULL,
  `created_on` datetime NOT NULL,
  `updated_on` datetime NOT NULL,
  PRIMARY KEY (`id`),
  KEY `index_comments_on_commented_id_and_commented_type` (`commented_id`,`commented_type`),
  KEY `index_comments_on_author_id` (`author_id`)
) ENGINE=InnoDB DEFAULT CHARSET=utf8mb4 COLLATE=utf8mb4_general_ci;
/*!40101 SET character_set_client = @saved_cs_client */;

--
-- Dumping data for table `comments`
--

LOCK TABLES `comments` WRITE;
/*!40000 ALTER TABLE `comments` DISABLE KEYS */;
/*!40000 ALTER TABLE `comments` ENABLE KEYS */;
UNLOCK TABLES;

--
-- Table structure for table `custom_field_enumerations`
--

DROP TABLE IF EXISTS `custom_field_enumerations`;
/*!40101 SET @saved_cs_client     = @@character_set_client */;
/*!40101 SET character_set_client = utf8 */;
CREATE TABLE `custom_field_enumerations` (
  `id` int(11) NOT NULL AUTO_INCREMENT,
  `custom_field_id` int(11) NOT NULL,
  `name` varchar(255) NOT NULL,
  `active` tinyint(1) NOT NULL DEFAULT 1,
  `position` int(11) NOT NULL DEFAULT 1,
  PRIMARY KEY (`id`)
) ENGINE=InnoDB DEFAULT CHARSET=utf8mb4 COLLATE=utf8mb4_general_ci;
/*!40101 SET character_set_client = @saved_cs_client */;

--
-- Dumping data for table `custom_field_enumerations`
--

LOCK TABLES `custom_field_enumerations` WRITE;
/*!40000 ALTER TABLE `custom_field_enumerations` DISABLE KEYS */;
/*!40000 ALTER TABLE `custom_field_enumerations` ENABLE KEYS */;
UNLOCK TABLES;

--
-- Table structure for table `custom_fields`
--

DROP TABLE IF EXISTS `custom_fields`;
/*!40101 SET @saved_cs_client     = @@character_set_client */;
/*!40101 SET character_set_client = utf8 */;
CREATE TABLE `custom_fields` (
  `id` int(11) NOT NULL AUTO_INCREMENT,
  `type` varchar(30) NOT NULL DEFAULT '',
  `name` varchar(30) NOT NULL DEFAULT '',
  `field_format` varchar(30) NOT NULL DEFAULT '',
  `possible_values` text DEFAULT NULL,
  `regexp` varchar(255) DEFAULT '',
  `min_length` int(11) DEFAULT NULL,
  `max_length` int(11) DEFAULT NULL,
  `is_required` tinyint(1) NOT NULL DEFAULT 0,
  `is_for_all` tinyint(1) NOT NULL DEFAULT 0,
  `is_filter` tinyint(1) NOT NULL DEFAULT 0,
  `position` int(11) DEFAULT NULL,
  `searchable` tinyint(1) DEFAULT 0,
  `default_value` text DEFAULT NULL,
  `editable` tinyint(1) DEFAULT 1,
  `visible` tinyint(1) NOT NULL DEFAULT 1,
  `multiple` tinyint(1) DEFAULT 0,
  `format_store` text DEFAULT NULL,
  `description` text DEFAULT NULL,
  PRIMARY KEY (`id`),
  KEY `index_custom_fields_on_id_and_type` (`id`,`type`)
) ENGINE=InnoDB AUTO_INCREMENT=7 DEFAULT CHARSET=utf8mb4 COLLATE=utf8mb4_general_ci;
/*!40101 SET character_set_client = @saved_cs_client */;

--
-- Dumping data for table `custom_fields`
--

LOCK TABLES `custom_fields` WRITE;
/*!40000 ALTER TABLE `custom_fields` DISABLE KEYS */;
INSERT INTO `custom_fields` VALUES
(1,'IssueCustomField','システム','string',NULL,'',NULL,NULL,0,0,0,1,0,'',1,1,0,'---\ntext_formatting: \'\'\nurl_pattern: \'\'\n',''),
(2,'IssueCustomField','障害発生日時','string',NULL,'',NULL,NULL,0,0,0,2,0,'',1,1,0,'---\ntext_formatting: \'\'\nurl_pattern: \'\'\n',''),
(3,'IssueCustomField','障害ID','string',NULL,'',NULL,NULL,0,0,0,3,0,'',1,1,0,'---\ntext_formatting: \'\'\nurl_pattern: \'\'\n',''),
(4,'IssueCustomField','エラー対象','string',NULL,'',NULL,NULL,0,0,0,4,0,'',1,1,0,'---\ntext_formatting: \'\'\nurl_pattern: \'\'\n',''),
(5,'IssueCustomField','エラーコード','string',NULL,'',NULL,NULL,0,0,0,5,0,'',1,1,0,'---\ntext_formatting: \'\'\nurl_pattern: \'\'\n',''),
(6,'IssueCustomField','対応内容','string',NULL,'',NULL,NULL,0,0,0,6,0,'',1,1,0,'---\ntext_formatting: \'\'\nurl_pattern: \'\'\n','');
/*!40000 ALTER TABLE `custom_fields` ENABLE KEYS */;
UNLOCK TABLES;

--
-- Table structure for table `custom_fields_projects`
--

DROP TABLE IF EXISTS `custom_fields_projects`;
/*!40101 SET @saved_cs_client     = @@character_set_client */;
/*!40101 SET character_set_client = utf8 */;
CREATE TABLE `custom_fields_projects` (
  `custom_field_id` int(11) NOT NULL DEFAULT 0,
  `project_id` int(11) NOT NULL DEFAULT 0,
  UNIQUE KEY `index_custom_fields_projects_on_custom_field_id_and_project_id` (`custom_field_id`,`project_id`)
) ENGINE=InnoDB DEFAULT CHARSET=utf8mb4 COLLATE=utf8mb4_general_ci;
/*!40101 SET character_set_client = @saved_cs_client */;

--
-- Dumping data for table `custom_fields_projects`
--

LOCK TABLES `custom_fields_projects` WRITE;
/*!40000 ALTER TABLE `custom_fields_projects` DISABLE KEYS */;
INSERT INTO `custom_fields_projects` VALUES
(1,1),
(2,1),
(3,1),
(4,1),
(5,1),
(6,1);
/*!40000 ALTER TABLE `custom_fields_projects` ENABLE KEYS */;
UNLOCK TABLES;

--
-- Table structure for table `custom_fields_roles`
--

DROP TABLE IF EXISTS `custom_fields_roles`;
/*!40101 SET @saved_cs_client     = @@character_set_client */;
/*!40101 SET character_set_client = utf8 */;
CREATE TABLE `custom_fields_roles` (
  `custom_field_id` int(11) NOT NULL,
  `role_id` int(11) NOT NULL,
  UNIQUE KEY `custom_fields_roles_ids` (`custom_field_id`,`role_id`)
) ENGINE=InnoDB DEFAULT CHARSET=utf8mb4 COLLATE=utf8mb4_general_ci;
/*!40101 SET character_set_client = @saved_cs_client */;

--
-- Dumping data for table `custom_fields_roles`
--

LOCK TABLES `custom_fields_roles` WRITE;
/*!40000 ALTER TABLE `custom_fields_roles` DISABLE KEYS */;
/*!40000 ALTER TABLE `custom_fields_roles` ENABLE KEYS */;
UNLOCK TABLES;

--
-- Table structure for table `custom_fields_trackers`
--

DROP TABLE IF EXISTS `custom_fields_trackers`;
/*!40101 SET @saved_cs_client     = @@character_set_client */;
/*!40101 SET character_set_client = utf8 */;
CREATE TABLE `custom_fields_trackers` (
  `custom_field_id` int(11) NOT NULL DEFAULT 0,
  `tracker_id` int(11) NOT NULL DEFAULT 0,
  UNIQUE KEY `index_custom_fields_trackers_on_custom_field_id_and_tracker_id` (`custom_field_id`,`tracker_id`)
) ENGINE=InnoDB DEFAULT CHARSET=utf8mb4 COLLATE=utf8mb4_general_ci;
/*!40101 SET character_set_client = @saved_cs_client */;

--
-- Dumping data for table `custom_fields_trackers`
--

LOCK TABLES `custom_fields_trackers` WRITE;
/*!40000 ALTER TABLE `custom_fields_trackers` DISABLE KEYS */;
INSERT INTO `custom_fields_trackers` VALUES
(1,4),
(2,4),
(3,4),
(4,4),
(5,4),
(6,4);
/*!40000 ALTER TABLE `custom_fields_trackers` ENABLE KEYS */;
UNLOCK TABLES;

--
-- Table structure for table `custom_values`
--

DROP TABLE IF EXISTS `custom_values`;
/*!40101 SET @saved_cs_client     = @@character_set_client */;
/*!40101 SET character_set_client = utf8 */;
CREATE TABLE `custom_values` (
  `id` int(11) NOT NULL AUTO_INCREMENT,
  `customized_type` varchar(30) NOT NULL DEFAULT '',
  `customized_id` int(11) NOT NULL DEFAULT 0,
  `custom_field_id` int(11) NOT NULL DEFAULT 0,
  `value` longtext DEFAULT NULL,
  PRIMARY KEY (`id`),
  KEY `custom_values_customized` (`customized_type`,`customized_id`),
  KEY `index_custom_values_on_custom_field_id` (`custom_field_id`)
) ENGINE=InnoDB AUTO_INCREMENT=25 DEFAULT CHARSET=utf8mb4 COLLATE=utf8mb4_general_ci;
/*!40101 SET character_set_client = @saved_cs_client */;

--
-- Dumping data for table `custom_values`
--

LOCK TABLES `custom_values` WRITE;
/*!40000 ALTER TABLE `custom_values` DISABLE KEYS */;
INSERT INTO `custom_values` VALUES
(1,'Issue',1,1,'test-system'),
(2,'Issue',1,2,'2023-06-24 21:42:10.458751'),
(3,'Issue',1,3,'err-1687522345'),
(4,'Issue',1,4,'web4649'),
(5,'Issue',1,5,'E9999'),
(6,'Issue',1,6,'再起動'),
(7,'Issue',2,1,'test-system'),
(8,'Issue',2,2,'2023-06-23 12:48:32.974875'),
(9,'Issue',2,3,'err-1687524512'),
(10,'Issue',2,4,'batch1236'),
(11,'Issue',2,5,'E1234'),
(12,'Issue',2,6,''),
(13,'Issue',3,1,'test-system'),
(14,'Issue',3,2,'2023-06-23 12:30:54.249575'),
(15,'Issue',3,3,'err-1687523454'),
(16,'Issue',3,4,'batch1235'),
(17,'Issue',3,5,'E1234'),
(18,'Issue',3,6,'再起動'),
(19,'Issue',4,1,'test-system'),
(20,'Issue',4,2,'2023-06-23 12:30:41.268751'),
(21,'Issue',4,3,'err-1687523441'),
(22,'Issue',4,4,'batch1234'),
(23,'Issue',4,5,'E1234'),
(24,'Issue',4,6,'再起動');
/*!40000 ALTER TABLE `custom_values` ENABLE KEYS */;
UNLOCK TABLES;

--
-- Table structure for table `documents`
--

DROP TABLE IF EXISTS `documents`;
/*!40101 SET @saved_cs_client     = @@character_set_client */;
/*!40101 SET character_set_client = utf8 */;
CREATE TABLE `documents` (
  `id` int(11) NOT NULL AUTO_INCREMENT,
  `project_id` int(11) NOT NULL DEFAULT 0,
  `category_id` int(11) NOT NULL DEFAULT 0,
  `title` varchar(255) NOT NULL DEFAULT '',
  `description` text DEFAULT NULL,
  `created_on` timestamp NULL DEFAULT NULL,
  PRIMARY KEY (`id`),
  KEY `documents_project_id` (`project_id`),
  KEY `index_documents_on_category_id` (`category_id`),
  KEY `index_documents_on_created_on` (`created_on`)
) ENGINE=InnoDB DEFAULT CHARSET=utf8mb4 COLLATE=utf8mb4_general_ci;
/*!40101 SET character_set_client = @saved_cs_client */;

--
-- Dumping data for table `documents`
--

LOCK TABLES `documents` WRITE;
/*!40000 ALTER TABLE `documents` DISABLE KEYS */;
/*!40000 ALTER TABLE `documents` ENABLE KEYS */;
UNLOCK TABLES;

--
-- Table structure for table `email_addresses`
--

DROP TABLE IF EXISTS `email_addresses`;
/*!40101 SET @saved_cs_client     = @@character_set_client */;
/*!40101 SET character_set_client = utf8 */;
CREATE TABLE `email_addresses` (
  `id` int(11) NOT NULL AUTO_INCREMENT,
  `user_id` int(11) NOT NULL,
  `address` varchar(255) NOT NULL,
  `is_default` tinyint(1) NOT NULL DEFAULT 0,
  `notify` tinyint(1) NOT NULL DEFAULT 1,
  `created_on` datetime NOT NULL,
  `updated_on` datetime NOT NULL,
  PRIMARY KEY (`id`),
  KEY `index_email_addresses_on_user_id` (`user_id`)
) ENGINE=InnoDB AUTO_INCREMENT=24 DEFAULT CHARSET=utf8mb4 COLLATE=utf8mb4_general_ci;
/*!40101 SET character_set_client = @saved_cs_client */;

--
-- Dumping data for table `email_addresses`
--

LOCK TABLES `email_addresses` WRITE;
/*!40000 ALTER TABLE `email_addresses` DISABLE KEYS */;
INSERT INTO `email_addresses` VALUES
(1,1,'admin@example.net',1,1,'2023-07-08 06:18:49','2023-07-08 06:18:49'),
(2,5,'automates01@example.net',1,1,'2023-07-08 07:01:16','2023-07-08 07:01:16'),
(3,6,'automates02@example.net',1,1,'2023-07-08 07:01:16','2023-07-08 07:01:16'),
(4,7,'user01@example.net',1,1,'2023-07-08 07:01:16','2023-07-08 07:01:16'),
(5,8,'user02@example.net',1,1,'2023-07-08 07:01:16','2023-07-08 07:01:16'),
(6,9,'user03@example.net',1,1,'2023-07-08 07:01:16','2023-07-08 07:01:16'),
(7,10,'user04@example.net',1,1,'2023-07-08 07:01:16','2023-07-08 07:01:16'),
(8,11,'user05@example.net',1,1,'2023-07-08 07:01:16','2023-07-08 07:01:16'),
(9,12,'user06@example.net',1,1,'2023-07-08 07:01:16','2023-07-08 07:01:16'),
(10,13,'user07@example.net',1,1,'2023-07-08 07:01:16','2023-07-08 07:01:16'),
(11,14,'user08@example.net',1,1,'2023-07-08 07:01:17','2023-07-08 07:01:17'),
(12,15,'user09@example.net',1,1,'2023-07-08 07:01:17','2023-07-08 07:01:17'),
(13,16,'user10@example.net',1,1,'2023-07-08 07:01:17','2023-07-08 07:01:17'),
(14,17,'user11@example.net',1,1,'2023-07-08 07:01:17','2023-07-08 07:01:17'),
(15,18,'user12@example.net',1,1,'2023-07-08 07:01:17','2023-07-08 07:01:17'),
(16,19,'user13@example.net',1,1,'2023-07-08 07:01:17','2023-07-08 07:01:17'),
(17,20,'user14@example.net',1,1,'2023-07-08 07:01:17','2023-07-08 07:01:17'),
(18,21,'user15@example.net',1,1,'2023-07-08 07:01:17','2023-07-08 07:01:17'),
(19,22,'user16@example.net',1,1,'2023-07-08 07:01:17','2023-07-08 07:01:17'),
(20,23,'user17@example.net',1,1,'2023-07-08 07:01:17','2023-07-08 07:01:17'),
(21,24,'user18@example.net',1,1,'2023-07-08 07:01:17','2023-07-08 07:01:17'),
(22,25,'user19@example.net',1,1,'2023-07-08 07:01:17','2023-07-08 07:01:17'),
(23,26,'user20@example.net',1,1,'2023-07-08 07:01:17','2023-07-08 07:01:17');
/*!40000 ALTER TABLE `email_addresses` ENABLE KEYS */;
UNLOCK TABLES;

--
-- Table structure for table `enabled_modules`
--

DROP TABLE IF EXISTS `enabled_modules`;
/*!40101 SET @saved_cs_client     = @@character_set_client */;
/*!40101 SET character_set_client = utf8 */;
CREATE TABLE `enabled_modules` (
  `id` int(11) NOT NULL AUTO_INCREMENT,
  `project_id` int(11) DEFAULT NULL,
  `name` varchar(255) NOT NULL,
  PRIMARY KEY (`id`),
  KEY `enabled_modules_project_id` (`project_id`)
) ENGINE=InnoDB AUTO_INCREMENT=11 DEFAULT CHARSET=utf8mb4 COLLATE=utf8mb4_general_ci;
/*!40101 SET character_set_client = @saved_cs_client */;

--
-- Dumping data for table `enabled_modules`
--

LOCK TABLES `enabled_modules` WRITE;
/*!40000 ALTER TABLE `enabled_modules` DISABLE KEYS */;
INSERT INTO `enabled_modules` VALUES
(1,1,'issue_tracking'),
(2,1,'time_tracking'),
(3,1,'news'),
(4,1,'documents'),
(5,1,'files'),
(6,1,'wiki'),
(7,1,'repository'),
(8,1,'boards'),
(9,1,'calendar'),
(10,1,'gantt');
/*!40000 ALTER TABLE `enabled_modules` ENABLE KEYS */;
UNLOCK TABLES;

--
-- Table structure for table `enumerations`
--

DROP TABLE IF EXISTS `enumerations`;
/*!40101 SET @saved_cs_client     = @@character_set_client */;
/*!40101 SET character_set_client = utf8 */;
CREATE TABLE `enumerations` (
  `id` int(11) NOT NULL AUTO_INCREMENT,
  `name` varchar(30) NOT NULL DEFAULT '',
  `position` int(11) DEFAULT NULL,
  `is_default` tinyint(1) NOT NULL DEFAULT 0,
  `type` varchar(255) DEFAULT NULL,
  `active` tinyint(1) NOT NULL DEFAULT 1,
  `project_id` int(11) DEFAULT NULL,
  `parent_id` int(11) DEFAULT NULL,
  `position_name` varchar(30) DEFAULT NULL,
  PRIMARY KEY (`id`),
  KEY `index_enumerations_on_project_id` (`project_id`),
  KEY `index_enumerations_on_id_and_type` (`id`,`type`)
) ENGINE=InnoDB AUTO_INCREMENT=10 DEFAULT CHARSET=utf8mb4 COLLATE=utf8mb4_general_ci;
/*!40101 SET character_set_client = @saved_cs_client */;

--
-- Dumping data for table `enumerations`
--

LOCK TABLES `enumerations` WRITE;
/*!40000 ALTER TABLE `enumerations` DISABLE KEYS */;
INSERT INTO `enumerations` VALUES
(1,'低め',1,0,'IssuePriority',1,NULL,NULL,'lowest'),
(2,'通常',2,1,'IssuePriority',1,NULL,NULL,'default'),
(3,'高め',3,0,'IssuePriority',1,NULL,NULL,'high3'),
(4,'急いで',4,0,'IssuePriority',1,NULL,NULL,'high2'),
(5,'今すぐ',5,0,'IssuePriority',1,NULL,NULL,'highest'),
(6,'ユーザー文書',1,0,'DocumentCategory',1,NULL,NULL,NULL),
(7,'技術文書',2,0,'DocumentCategory',1,NULL,NULL,NULL),
(8,'設計作業',1,0,'TimeEntryActivity',1,NULL,NULL,NULL),
(9,'開発作業',2,0,'TimeEntryActivity',1,NULL,NULL,NULL);
/*!40000 ALTER TABLE `enumerations` ENABLE KEYS */;
UNLOCK TABLES;

--
-- Table structure for table `groups_users`
--

DROP TABLE IF EXISTS `groups_users`;
/*!40101 SET @saved_cs_client     = @@character_set_client */;
/*!40101 SET character_set_client = utf8 */;
CREATE TABLE `groups_users` (
  `group_id` int(11) NOT NULL,
  `user_id` int(11) NOT NULL,
  UNIQUE KEY `groups_users_ids` (`group_id`,`user_id`)
) ENGINE=InnoDB DEFAULT CHARSET=utf8mb4 COLLATE=utf8mb4_general_ci;
/*!40101 SET character_set_client = @saved_cs_client */;

--
-- Dumping data for table `groups_users`
--

LOCK TABLES `groups_users` WRITE;
/*!40000 ALTER TABLE `groups_users` DISABLE KEYS */;
/*!40000 ALTER TABLE `groups_users` ENABLE KEYS */;
UNLOCK TABLES;

--
-- Table structure for table `import_items`
--

DROP TABLE IF EXISTS `import_items`;
/*!40101 SET @saved_cs_client     = @@character_set_client */;
/*!40101 SET character_set_client = utf8 */;
CREATE TABLE `import_items` (
  `id` int(11) NOT NULL AUTO_INCREMENT,
  `import_id` int(11) NOT NULL,
  `position` int(11) NOT NULL,
  `obj_id` int(11) DEFAULT NULL,
  `message` text DEFAULT NULL,
  `unique_id` varchar(255) DEFAULT NULL,
  PRIMARY KEY (`id`),
  KEY `index_import_items_on_import_id_and_unique_id` (`import_id`,`unique_id`)
) ENGINE=InnoDB AUTO_INCREMENT=28 DEFAULT CHARSET=utf8mb4 COLLATE=utf8mb4_general_ci;
/*!40101 SET character_set_client = @saved_cs_client */;

--
-- Dumping data for table `import_items`
--

LOCK TABLES `import_items` WRITE;
/*!40000 ALTER TABLE `import_items` DISABLE KEYS */;
INSERT INTO `import_items` VALUES
(1,1,1,NULL,'メールアドレス はすでに存在します\nログインID はすでに存在します',NULL),
(2,1,2,5,NULL,NULL),
(3,1,3,6,NULL,NULL),
(4,1,4,7,NULL,NULL),
(5,1,5,8,NULL,NULL),
(6,1,6,9,NULL,NULL),
(7,1,7,10,NULL,NULL),
(8,1,8,11,NULL,NULL),
(9,1,9,12,NULL,NULL),
(10,1,10,13,NULL,NULL),
(11,1,11,14,NULL,NULL),
(12,1,12,15,NULL,NULL),
(13,1,13,16,NULL,NULL),
(14,1,14,17,NULL,NULL),
(15,1,15,18,NULL,NULL),
(16,1,16,19,NULL,NULL),
(17,1,17,20,NULL,NULL),
(18,1,18,21,NULL,NULL),
(19,1,19,22,NULL,NULL),
(20,1,20,23,NULL,NULL),
(21,1,21,24,NULL,NULL),
(22,1,22,25,NULL,NULL),
(23,1,23,26,NULL,NULL),
(24,2,1,1,NULL,NULL),
(25,2,2,2,NULL,NULL),
(26,2,3,3,NULL,NULL),
(27,2,4,4,NULL,NULL);
/*!40000 ALTER TABLE `import_items` ENABLE KEYS */;
UNLOCK TABLES;

--
-- Table structure for table `imports`
--

DROP TABLE IF EXISTS `imports`;
/*!40101 SET @saved_cs_client     = @@character_set_client */;
/*!40101 SET character_set_client = utf8 */;
CREATE TABLE `imports` (
  `id` int(11) NOT NULL AUTO_INCREMENT,
  `type` varchar(255) DEFAULT NULL,
  `user_id` int(11) NOT NULL,
  `filename` varchar(255) DEFAULT NULL,
  `settings` text DEFAULT NULL,
  `total_items` int(11) DEFAULT NULL,
  `finished` tinyint(1) NOT NULL DEFAULT 0,
  `created_at` datetime NOT NULL,
  `updated_at` datetime NOT NULL,
  PRIMARY KEY (`id`)
) ENGINE=InnoDB AUTO_INCREMENT=3 DEFAULT CHARSET=utf8mb4 COLLATE=utf8mb4_general_ci;
/*!40101 SET character_set_client = @saved_cs_client */;

--
-- Dumping data for table `imports`
--

LOCK TABLES `imports` WRITE;
/*!40000 ALTER TABLE `imports` DISABLE KEYS */;
INSERT INTO `imports` VALUES
(1,'UserImport',1,'114e63dfd1cce4ae583b47096b3ad0ce','---\nseparator: \",\"\nwrapper: \"\\\"\"\nencoding: UTF-8\ndate_format: \"%Y/%m/%d\"\nnotifications: \'0\'\nmapping: !ruby/hash:ActiveSupport::HashWithIndifferentAccess\n  login: \'0\'\n  firstname: \'1\'\n  lastname: \'2\'\n  mail: \'3\'\n  language: \'\'\n  admin: \'4\'\n  auth_source: \'\'\n  password: \'\'\n  must_change_passwd: \'\'\n  status: \'5\'\n',23,1,'2023-07-08 07:01:01','2023-07-08 07:01:17'),
(2,'IssueImport',1,'8540ae7adf704870f0229b9be68b7a40','---\nseparator: \",\"\nwrapper: \"\\\"\"\nencoding: UTF-8\ndate_format: \"%Y/%m/%d\"\nnotifications: \'0\'\nmapping: !ruby/hash:ActiveSupport::HashWithIndifferentAccess\n  project_id: \'1\'\n  tracker: \'2\'\n  status: \'5\'\n  subject: \'7\'\n  description: \'25\'\n  priority: \'6\'\n  category: \'11\'\n  assigned_to: \'9\'\n  fixed_version: \'\'\n  is_private: \'\'\n  start_date: \'\'\n  due_date: \'\'\n  estimated_hours: \'\'\n  done_ratio: \'\'\n  cf_1: \'19\'\n  cf_2: \'20\'\n  cf_3: \'21\'\n  cf_4: \'22\'\n  cf_5: \'23\'\n  cf_6: \'24\'\n  unique_id: \'\'\n  parent_issue_id: \'3\'\n  relation_duplicates: \'\'\n  relation_duplicated: \'\'\n  relation_blocks: \'\'\n  relation_blocked: \'\'\n  relation_relates: \'\'\n  relation_precedes: \'\'\n  relation_follows: \'\'\n  relation_copied_to: \'\'\n  relation_copied_from: \'\'\n',4,1,'2023-07-08 07:05:23','2023-07-08 07:05:30');
/*!40000 ALTER TABLE `imports` ENABLE KEYS */;
UNLOCK TABLES;

--
-- Table structure for table `issue_categories`
--

DROP TABLE IF EXISTS `issue_categories`;
/*!40101 SET @saved_cs_client     = @@character_set_client */;
/*!40101 SET character_set_client = utf8 */;
CREATE TABLE `issue_categories` (
  `id` int(11) NOT NULL AUTO_INCREMENT,
  `project_id` int(11) NOT NULL DEFAULT 0,
  `name` varchar(60) NOT NULL DEFAULT '',
  `assigned_to_id` int(11) DEFAULT NULL,
  PRIMARY KEY (`id`),
  KEY `issue_categories_project_id` (`project_id`),
  KEY `index_issue_categories_on_assigned_to_id` (`assigned_to_id`)
) ENGINE=InnoDB DEFAULT CHARSET=utf8mb4 COLLATE=utf8mb4_general_ci;
/*!40101 SET character_set_client = @saved_cs_client */;

--
-- Dumping data for table `issue_categories`
--

LOCK TABLES `issue_categories` WRITE;
/*!40000 ALTER TABLE `issue_categories` DISABLE KEYS */;
/*!40000 ALTER TABLE `issue_categories` ENABLE KEYS */;
UNLOCK TABLES;

--
-- Table structure for table `issue_relations`
--

DROP TABLE IF EXISTS `issue_relations`;
/*!40101 SET @saved_cs_client     = @@character_set_client */;
/*!40101 SET character_set_client = utf8 */;
CREATE TABLE `issue_relations` (
  `id` int(11) NOT NULL AUTO_INCREMENT,
  `issue_from_id` int(11) NOT NULL,
  `issue_to_id` int(11) NOT NULL,
  `relation_type` varchar(255) NOT NULL DEFAULT '',
  `delay` int(11) DEFAULT NULL,
  PRIMARY KEY (`id`),
  UNIQUE KEY `index_issue_relations_on_issue_from_id_and_issue_to_id` (`issue_from_id`,`issue_to_id`),
  KEY `index_issue_relations_on_issue_from_id` (`issue_from_id`),
  KEY `index_issue_relations_on_issue_to_id` (`issue_to_id`)
) ENGINE=InnoDB DEFAULT CHARSET=utf8mb4 COLLATE=utf8mb4_general_ci;
/*!40101 SET character_set_client = @saved_cs_client */;

--
-- Dumping data for table `issue_relations`
--

LOCK TABLES `issue_relations` WRITE;
/*!40000 ALTER TABLE `issue_relations` DISABLE KEYS */;
/*!40000 ALTER TABLE `issue_relations` ENABLE KEYS */;
UNLOCK TABLES;

--
-- Table structure for table `issue_statuses`
--

DROP TABLE IF EXISTS `issue_statuses`;
/*!40101 SET @saved_cs_client     = @@character_set_client */;
/*!40101 SET character_set_client = utf8 */;
CREATE TABLE `issue_statuses` (
  `id` int(11) NOT NULL AUTO_INCREMENT,
  `name` varchar(30) NOT NULL DEFAULT '',
  `is_closed` tinyint(1) NOT NULL DEFAULT 0,
  `position` int(11) DEFAULT NULL,
  `default_done_ratio` int(11) DEFAULT NULL,
  PRIMARY KEY (`id`),
  KEY `index_issue_statuses_on_position` (`position`),
  KEY `index_issue_statuses_on_is_closed` (`is_closed`)
) ENGINE=InnoDB AUTO_INCREMENT=7 DEFAULT CHARSET=utf8mb4 COLLATE=utf8mb4_general_ci;
/*!40101 SET character_set_client = @saved_cs_client */;

--
-- Dumping data for table `issue_statuses`
--

LOCK TABLES `issue_statuses` WRITE;
/*!40000 ALTER TABLE `issue_statuses` DISABLE KEYS */;
INSERT INTO `issue_statuses` VALUES
(1,'新規',0,1,NULL),
(2,'進行中',0,2,NULL),
(3,'解決',0,3,NULL),
(4,'フィードバック',0,4,NULL),
(5,'終了',1,5,NULL),
(6,'却下',1,6,NULL);
/*!40000 ALTER TABLE `issue_statuses` ENABLE KEYS */;
UNLOCK TABLES;

--
-- Table structure for table `issues`
--

DROP TABLE IF EXISTS `issues`;
/*!40101 SET @saved_cs_client     = @@character_set_client */;
/*!40101 SET character_set_client = utf8 */;
CREATE TABLE `issues` (
  `id` int(11) NOT NULL AUTO_INCREMENT,
  `tracker_id` int(11) NOT NULL,
  `project_id` int(11) NOT NULL,
  `subject` varchar(255) NOT NULL DEFAULT '',
  `description` longtext DEFAULT NULL,
  `due_date` date DEFAULT NULL,
  `category_id` int(11) DEFAULT NULL,
  `status_id` int(11) NOT NULL,
  `assigned_to_id` int(11) DEFAULT NULL,
  `priority_id` int(11) NOT NULL,
  `fixed_version_id` int(11) DEFAULT NULL,
  `author_id` int(11) NOT NULL,
  `lock_version` int(11) NOT NULL DEFAULT 0,
  `created_on` timestamp NULL DEFAULT NULL,
  `updated_on` timestamp NULL DEFAULT NULL,
  `start_date` date DEFAULT NULL,
  `done_ratio` int(11) NOT NULL DEFAULT 0,
  `estimated_hours` float DEFAULT NULL,
  `parent_id` int(11) DEFAULT NULL,
  `root_id` int(11) DEFAULT NULL,
  `lft` int(11) DEFAULT NULL,
  `rgt` int(11) DEFAULT NULL,
  `is_private` tinyint(1) NOT NULL DEFAULT 0,
  `closed_on` datetime DEFAULT NULL,
  PRIMARY KEY (`id`),
  KEY `issues_project_id` (`project_id`),
  KEY `index_issues_on_status_id` (`status_id`),
  KEY `index_issues_on_category_id` (`category_id`),
  KEY `index_issues_on_assigned_to_id` (`assigned_to_id`),
  KEY `index_issues_on_fixed_version_id` (`fixed_version_id`),
  KEY `index_issues_on_tracker_id` (`tracker_id`),
  KEY `index_issues_on_priority_id` (`priority_id`),
  KEY `index_issues_on_author_id` (`author_id`),
  KEY `index_issues_on_created_on` (`created_on`),
  KEY `index_issues_on_root_id_and_lft_and_rgt` (`root_id`,`lft`,`rgt`),
  KEY `index_issues_on_parent_id` (`parent_id`)
) ENGINE=InnoDB AUTO_INCREMENT=5 DEFAULT CHARSET=utf8mb4 COLLATE=utf8mb4_general_ci;
/*!40101 SET character_set_client = @saved_cs_client */;

--
-- Dumping data for table `issues`
--

LOCK TABLES `issues` WRITE;
/*!40000 ALTER TABLE `issues` DISABLE KEYS */;
INSERT INTO `issues` VALUES
(1,4,1,'[障害]err-1687522345','障害発生内容を記載',NULL,NULL,5,NULL,2,NULL,1,1,'2023-07-08 07:05:30','2023-07-08 07:05:30',NULL,0,NULL,NULL,1,1,2,0,'2023-07-08 07:05:30'),
(2,4,1,'[障害]err-1687524512','デッドロックが起きました',NULL,NULL,2,NULL,2,NULL,1,1,'2023-07-08 07:05:30','2023-07-08 07:05:30',NULL,0,NULL,NULL,2,1,2,0,NULL),
(3,4,1,'[障害]err-1687523454','test2',NULL,NULL,2,NULL,2,NULL,1,1,'2023-07-08 07:05:30','2023-07-08 07:05:30',NULL,0,NULL,NULL,3,1,2,0,NULL),
(4,4,1,'[障害]err-1687523441','test',NULL,NULL,5,NULL,2,NULL,1,1,'2023-07-08 07:05:30','2023-07-08 07:05:30',NULL,0,NULL,NULL,4,1,2,0,'2023-07-08 07:05:30');
/*!40000 ALTER TABLE `issues` ENABLE KEYS */;
UNLOCK TABLES;

--
-- Table structure for table `journal_details`
--

DROP TABLE IF EXISTS `journal_details`;
/*!40101 SET @saved_cs_client     = @@character_set_client */;
/*!40101 SET character_set_client = utf8 */;
CREATE TABLE `journal_details` (
  `id` int(11) NOT NULL AUTO_INCREMENT,
  `journal_id` int(11) NOT NULL DEFAULT 0,
  `property` varchar(30) NOT NULL DEFAULT '',
  `prop_key` varchar(30) NOT NULL DEFAULT '',
  `old_value` longtext DEFAULT NULL,
  `value` longtext DEFAULT NULL,
  PRIMARY KEY (`id`),
  KEY `journal_details_journal_id` (`journal_id`)
) ENGINE=InnoDB DEFAULT CHARSET=utf8mb4 COLLATE=utf8mb4_general_ci;
/*!40101 SET character_set_client = @saved_cs_client */;

--
-- Dumping data for table `journal_details`
--

LOCK TABLES `journal_details` WRITE;
/*!40000 ALTER TABLE `journal_details` DISABLE KEYS */;
/*!40000 ALTER TABLE `journal_details` ENABLE KEYS */;
UNLOCK TABLES;

--
-- Table structure for table `journals`
--

DROP TABLE IF EXISTS `journals`;
/*!40101 SET @saved_cs_client     = @@character_set_client */;
/*!40101 SET character_set_client = utf8 */;
CREATE TABLE `journals` (
  `id` int(11) NOT NULL AUTO_INCREMENT,
  `journalized_id` int(11) NOT NULL DEFAULT 0,
  `journalized_type` varchar(30) NOT NULL DEFAULT '',
  `user_id` int(11) NOT NULL DEFAULT 0,
  `notes` longtext DEFAULT NULL,
  `created_on` datetime NOT NULL,
  `private_notes` tinyint(1) NOT NULL DEFAULT 0,
  PRIMARY KEY (`id`),
  KEY `journals_journalized_id` (`journalized_id`,`journalized_type`),
  KEY `index_journals_on_user_id` (`user_id`),
  KEY `index_journals_on_journalized_id` (`journalized_id`),
  KEY `index_journals_on_created_on` (`created_on`)
) ENGINE=InnoDB DEFAULT CHARSET=utf8mb4 COLLATE=utf8mb4_general_ci;
/*!40101 SET character_set_client = @saved_cs_client */;

--
-- Dumping data for table `journals`
--

LOCK TABLES `journals` WRITE;
/*!40000 ALTER TABLE `journals` DISABLE KEYS */;
/*!40000 ALTER TABLE `journals` ENABLE KEYS */;
UNLOCK TABLES;

--
-- Table structure for table `member_roles`
--

DROP TABLE IF EXISTS `member_roles`;
/*!40101 SET @saved_cs_client     = @@character_set_client */;
/*!40101 SET character_set_client = utf8 */;
CREATE TABLE `member_roles` (
  `id` int(11) NOT NULL AUTO_INCREMENT,
  `member_id` int(11) NOT NULL,
  `role_id` int(11) NOT NULL,
  `inherited_from` int(11) DEFAULT NULL,
  PRIMARY KEY (`id`),
  KEY `index_member_roles_on_member_id` (`member_id`),
  KEY `index_member_roles_on_role_id` (`role_id`),
  KEY `index_member_roles_on_inherited_from` (`inherited_from`)
) ENGINE=InnoDB AUTO_INCREMENT=23 DEFAULT CHARSET=utf8mb4 COLLATE=utf8mb4_general_ci;
/*!40101 SET character_set_client = @saved_cs_client */;

--
-- Dumping data for table `member_roles`
--

LOCK TABLES `member_roles` WRITE;
/*!40000 ALTER TABLE `member_roles` DISABLE KEYS */;
INSERT INTO `member_roles` VALUES
(1,1,5,NULL),
(2,2,5,NULL),
(3,3,3,NULL),
(4,4,4,NULL),
(5,5,4,NULL),
(6,6,4,NULL),
(7,7,4,NULL),
(8,8,4,NULL),
(9,9,4,NULL),
(10,10,4,NULL),
(11,11,4,NULL),
(12,12,4,NULL),
(13,13,4,NULL),
(14,14,4,NULL),
(15,15,4,NULL),
(16,16,4,NULL),
(17,17,4,NULL),
(18,18,4,NULL),
(19,19,4,NULL),
(20,20,4,NULL),
(21,21,4,NULL),
(22,22,4,NULL);
/*!40000 ALTER TABLE `member_roles` ENABLE KEYS */;
UNLOCK TABLES;

--
-- Table structure for table `members`
--

DROP TABLE IF EXISTS `members`;
/*!40101 SET @saved_cs_client     = @@character_set_client */;
/*!40101 SET character_set_client = utf8 */;
CREATE TABLE `members` (
  `id` int(11) NOT NULL AUTO_INCREMENT,
  `user_id` int(11) NOT NULL DEFAULT 0,
  `project_id` int(11) NOT NULL DEFAULT 0,
  `created_on` timestamp NULL DEFAULT NULL,
  `mail_notification` tinyint(1) NOT NULL DEFAULT 0,
  PRIMARY KEY (`id`),
  UNIQUE KEY `index_members_on_user_id_and_project_id` (`user_id`,`project_id`),
  KEY `index_members_on_user_id` (`user_id`),
  KEY `index_members_on_project_id` (`project_id`)
) ENGINE=InnoDB AUTO_INCREMENT=23 DEFAULT CHARSET=utf8mb4 COLLATE=utf8mb4_general_ci;
/*!40101 SET character_set_client = @saved_cs_client */;

--
-- Dumping data for table `members`
--

LOCK TABLES `members` WRITE;
/*!40000 ALTER TABLE `members` DISABLE KEYS */;
INSERT INTO `members` VALUES
(1,5,1,'2023-07-08 07:17:21',0),
(2,6,1,'2023-07-08 07:17:31',0),
(3,1,1,'2023-07-08 07:18:13',0),
(4,7,1,'2023-07-08 07:18:54',0),
(5,8,1,'2023-07-08 07:19:03',0),
(6,9,1,'2023-07-08 07:19:10',0),
(7,10,1,'2023-07-08 07:19:35',0),
(8,11,1,'2023-07-08 07:19:43',0),
(9,12,1,'2023-07-08 07:19:53',0),
(10,13,1,'2023-07-08 07:20:02',0),
(11,14,1,'2023-07-08 07:20:16',0),
(12,15,1,'2023-07-08 07:20:24',0),
(13,16,1,'2023-07-08 07:20:32',0),
(14,17,1,'2023-07-08 07:20:43',0),
(15,18,1,'2023-07-08 07:21:04',0),
(16,19,1,'2023-07-08 07:21:13',0),
(17,20,1,'2023-07-08 07:21:22',0),
(18,21,1,'2023-07-08 07:21:29',0),
(19,22,1,'2023-07-08 07:21:37',0),
(20,23,1,'2023-07-08 07:21:45',0),
(21,25,1,'2023-07-08 07:21:54',0),
(22,26,1,'2023-07-08 07:22:02',0);
/*!40000 ALTER TABLE `members` ENABLE KEYS */;
UNLOCK TABLES;

--
-- Table structure for table `messages`
--

DROP TABLE IF EXISTS `messages`;
/*!40101 SET @saved_cs_client     = @@character_set_client */;
/*!40101 SET character_set_client = utf8 */;
CREATE TABLE `messages` (
  `id` int(11) NOT NULL AUTO_INCREMENT,
  `board_id` int(11) NOT NULL,
  `parent_id` int(11) DEFAULT NULL,
  `subject` varchar(255) NOT NULL DEFAULT '',
  `content` text DEFAULT NULL,
  `author_id` int(11) DEFAULT NULL,
  `replies_count` int(11) NOT NULL DEFAULT 0,
  `last_reply_id` int(11) DEFAULT NULL,
  `created_on` datetime NOT NULL,
  `updated_on` datetime NOT NULL,
  `locked` tinyint(1) DEFAULT 0,
  `sticky` int(11) DEFAULT 0,
  PRIMARY KEY (`id`),
  KEY `messages_board_id` (`board_id`),
  KEY `messages_parent_id` (`parent_id`),
  KEY `index_messages_on_last_reply_id` (`last_reply_id`),
  KEY `index_messages_on_author_id` (`author_id`),
  KEY `index_messages_on_created_on` (`created_on`)
) ENGINE=InnoDB DEFAULT CHARSET=utf8mb4 COLLATE=utf8mb4_general_ci;
/*!40101 SET character_set_client = @saved_cs_client */;

--
-- Dumping data for table `messages`
--

LOCK TABLES `messages` WRITE;
/*!40000 ALTER TABLE `messages` DISABLE KEYS */;
/*!40000 ALTER TABLE `messages` ENABLE KEYS */;
UNLOCK TABLES;

--
-- Table structure for table `news`
--

DROP TABLE IF EXISTS `news`;
/*!40101 SET @saved_cs_client     = @@character_set_client */;
/*!40101 SET character_set_client = utf8 */;
CREATE TABLE `news` (
  `id` int(11) NOT NULL AUTO_INCREMENT,
  `project_id` int(11) DEFAULT NULL,
  `title` varchar(60) NOT NULL DEFAULT '',
  `summary` varchar(255) DEFAULT '',
  `description` text DEFAULT NULL,
  `author_id` int(11) NOT NULL DEFAULT 0,
  `created_on` timestamp NULL DEFAULT NULL,
  `comments_count` int(11) NOT NULL DEFAULT 0,
  PRIMARY KEY (`id`),
  KEY `news_project_id` (`project_id`),
  KEY `index_news_on_author_id` (`author_id`),
  KEY `index_news_on_created_on` (`created_on`)
) ENGINE=InnoDB DEFAULT CHARSET=utf8mb4 COLLATE=utf8mb4_general_ci;
/*!40101 SET character_set_client = @saved_cs_client */;

--
-- Dumping data for table `news`
--

LOCK TABLES `news` WRITE;
/*!40000 ALTER TABLE `news` DISABLE KEYS */;
/*!40000 ALTER TABLE `news` ENABLE KEYS */;
UNLOCK TABLES;

--
-- Table structure for table `projects`
--

DROP TABLE IF EXISTS `projects`;
/*!40101 SET @saved_cs_client     = @@character_set_client */;
/*!40101 SET character_set_client = utf8 */;
CREATE TABLE `projects` (
  `id` int(11) NOT NULL AUTO_INCREMENT,
  `name` varchar(255) NOT NULL DEFAULT '',
  `description` text DEFAULT NULL,
  `homepage` varchar(255) DEFAULT '',
  `is_public` tinyint(1) NOT NULL DEFAULT 1,
  `parent_id` int(11) DEFAULT NULL,
  `created_on` timestamp NULL DEFAULT NULL,
  `updated_on` timestamp NULL DEFAULT NULL,
  `identifier` varchar(255) DEFAULT NULL,
  `status` int(11) NOT NULL DEFAULT 1,
  `lft` int(11) DEFAULT NULL,
  `rgt` int(11) DEFAULT NULL,
  `inherit_members` tinyint(1) NOT NULL DEFAULT 0,
  `default_version_id` int(11) DEFAULT NULL,
  `default_assigned_to_id` int(11) DEFAULT NULL,
  `default_issue_query_id` int(11) DEFAULT NULL,
  PRIMARY KEY (`id`),
  KEY `index_projects_on_lft` (`lft`),
  KEY `index_projects_on_rgt` (`rgt`)
) ENGINE=InnoDB AUTO_INCREMENT=2 DEFAULT CHARSET=utf8mb4 COLLATE=utf8mb4_general_ci;
/*!40101 SET character_set_client = @saved_cs_client */;

--
-- Dumping data for table `projects`
--

LOCK TABLES `projects` WRITE;
/*!40000 ALTER TABLE `projects` DISABLE KEYS */;
INSERT INTO `projects` VALUES
(1,'障害管理プロジェクト','','',1,NULL,'2023-07-08 06:46:14','2023-07-08 06:46:14','test-system',1,1,2,0,NULL,NULL,NULL);
/*!40000 ALTER TABLE `projects` ENABLE KEYS */;
UNLOCK TABLES;

--
-- Table structure for table `projects_trackers`
--

DROP TABLE IF EXISTS `projects_trackers`;
/*!40101 SET @saved_cs_client     = @@character_set_client */;
/*!40101 SET character_set_client = utf8 */;
CREATE TABLE `projects_trackers` (
  `project_id` int(11) NOT NULL DEFAULT 0,
  `tracker_id` int(11) NOT NULL DEFAULT 0,
  UNIQUE KEY `projects_trackers_unique` (`project_id`,`tracker_id`),
  KEY `projects_trackers_project_id` (`project_id`)
) ENGINE=InnoDB DEFAULT CHARSET=utf8mb4 COLLATE=utf8mb4_general_ci;
/*!40101 SET character_set_client = @saved_cs_client */;

--
-- Dumping data for table `projects_trackers`
--

LOCK TABLES `projects_trackers` WRITE;
/*!40000 ALTER TABLE `projects_trackers` DISABLE KEYS */;
INSERT INTO `projects_trackers` VALUES
(1,4);
/*!40000 ALTER TABLE `projects_trackers` ENABLE KEYS */;
UNLOCK TABLES;

--
-- Table structure for table `queries`
--

DROP TABLE IF EXISTS `queries`;
/*!40101 SET @saved_cs_client     = @@character_set_client */;
/*!40101 SET character_set_client = utf8 */;
CREATE TABLE `queries` (
  `id` int(11) NOT NULL AUTO_INCREMENT,
  `project_id` int(11) DEFAULT NULL,
  `name` varchar(255) NOT NULL DEFAULT '',
  `filters` text DEFAULT NULL,
  `user_id` int(11) NOT NULL DEFAULT 0,
  `column_names` text DEFAULT NULL,
  `sort_criteria` text DEFAULT NULL,
  `group_by` varchar(255) DEFAULT NULL,
  `type` varchar(255) DEFAULT NULL,
  `visibility` int(11) DEFAULT 0,
  `options` text DEFAULT NULL,
  PRIMARY KEY (`id`),
  KEY `index_queries_on_project_id` (`project_id`),
  KEY `index_queries_on_user_id` (`user_id`)
) ENGINE=InnoDB AUTO_INCREMENT=8 DEFAULT CHARSET=utf8mb4 COLLATE=utf8mb4_general_ci;
/*!40101 SET character_set_client = @saved_cs_client */;

--
-- Dumping data for table `queries`
--

LOCK TABLES `queries` WRITE;
/*!40000 ALTER TABLE `queries` DISABLE KEYS */;
INSERT INTO `queries` VALUES
(1,NULL,'担当しているチケット','---\nstatus_id:\n  :operator: o\n  :values:\n  - \'\'\nassigned_to_id:\n  :operator: \"=\"\n  :values:\n  - me\nproject.status:\n  :operator: \"=\"\n  :values:\n  - \'1\'\n',0,NULL,'---\n- - priority\n  - desc\n- - updated_on\n  - desc\n',NULL,'IssueQuery',2,NULL),
(2,NULL,'報告したチケット','---\nstatus_id:\n  :operator: o\n  :values:\n  - \'\'\nauthor_id:\n  :operator: \"=\"\n  :values:\n  - me\nproject.status:\n  :operator: \"=\"\n  :values:\n  - \'1\'\n',0,NULL,'---\n- - updated_on\n  - desc\n',NULL,'IssueQuery',2,NULL),
(3,NULL,'更新したチケット','---\nstatus_id:\n  :operator: o\n  :values:\n  - \'\'\nupdated_by:\n  :operator: \"=\"\n  :values:\n  - me\nproject.status:\n  :operator: \"=\"\n  :values:\n  - \'1\'\n',0,NULL,'---\n- - updated_on\n  - desc\n',NULL,'IssueQuery',2,NULL),
(4,NULL,'ウォッチしているチケット','---\nstatus_id:\n  :operator: o\n  :values:\n  - \'\'\nwatcher_id:\n  :operator: \"=\"\n  :values:\n  - me\nproject.status:\n  :operator: \"=\"\n  :values:\n  - \'1\'\n',0,NULL,'---\n- - updated_on\n  - desc\n',NULL,'IssueQuery',2,NULL),
(5,NULL,'マイプロジェクト','---\nstatus:\n  :operator: \"=\"\n  :values:\n  - \'1\'\nid:\n  :operator: \"=\"\n  :values:\n  - mine\n',0,NULL,NULL,NULL,'ProjectQuery',2,NULL),
(6,NULL,'My bookmarks','---\nstatus:\n  :operator: \"=\"\n  :values:\n  - \'1\'\nid:\n  :operator: \"=\"\n  :values:\n  - bookmarks\n',0,NULL,NULL,NULL,'ProjectQuery',2,NULL),
(7,NULL,'作業時間','---\nspent_on:\n  :operator: \"*\"\n  :values:\n  - \'\'\nuser_id:\n  :operator: \"=\"\n  :values:\n  - me\n',0,NULL,'---\n- - spent_on\n  - desc\n',NULL,'TimeEntryQuery',2,'---\n:totalable_names:\n- :hours\n');
/*!40000 ALTER TABLE `queries` ENABLE KEYS */;
UNLOCK TABLES;

--
-- Table structure for table `queries_roles`
--

DROP TABLE IF EXISTS `queries_roles`;
/*!40101 SET @saved_cs_client     = @@character_set_client */;
/*!40101 SET character_set_client = utf8 */;
CREATE TABLE `queries_roles` (
  `query_id` int(11) NOT NULL,
  `role_id` int(11) NOT NULL,
  UNIQUE KEY `queries_roles_ids` (`query_id`,`role_id`)
) ENGINE=InnoDB DEFAULT CHARSET=utf8mb4 COLLATE=utf8mb4_general_ci;
/*!40101 SET character_set_client = @saved_cs_client */;

--
-- Dumping data for table `queries_roles`
--

LOCK TABLES `queries_roles` WRITE;
/*!40000 ALTER TABLE `queries_roles` DISABLE KEYS */;
/*!40000 ALTER TABLE `queries_roles` ENABLE KEYS */;
UNLOCK TABLES;

--
-- Table structure for table `repositories`
--

DROP TABLE IF EXISTS `repositories`;
/*!40101 SET @saved_cs_client     = @@character_set_client */;
/*!40101 SET character_set_client = utf8 */;
CREATE TABLE `repositories` (
  `id` int(11) NOT NULL AUTO_INCREMENT,
  `project_id` int(11) NOT NULL DEFAULT 0,
  `url` varchar(255) NOT NULL DEFAULT '',
  `login` varchar(60) DEFAULT '',
  `password` varchar(255) DEFAULT '',
  `root_url` varchar(255) DEFAULT '',
  `type` varchar(255) DEFAULT NULL,
  `path_encoding` varchar(64) DEFAULT NULL,
  `log_encoding` varchar(64) DEFAULT NULL,
  `extra_info` longtext DEFAULT NULL,
  `identifier` varchar(255) DEFAULT NULL,
  `is_default` tinyint(1) DEFAULT 0,
  `created_on` timestamp NULL DEFAULT NULL,
  PRIMARY KEY (`id`),
  KEY `index_repositories_on_project_id` (`project_id`)
) ENGINE=InnoDB DEFAULT CHARSET=utf8mb4 COLLATE=utf8mb4_general_ci;
/*!40101 SET character_set_client = @saved_cs_client */;

--
-- Dumping data for table `repositories`
--

LOCK TABLES `repositories` WRITE;
/*!40000 ALTER TABLE `repositories` DISABLE KEYS */;
/*!40000 ALTER TABLE `repositories` ENABLE KEYS */;
UNLOCK TABLES;

--
-- Table structure for table `roles`
--

DROP TABLE IF EXISTS `roles`;
/*!40101 SET @saved_cs_client     = @@character_set_client */;
/*!40101 SET character_set_client = utf8 */;
CREATE TABLE `roles` (
  `id` int(11) NOT NULL AUTO_INCREMENT,
  `name` varchar(255) NOT NULL DEFAULT '',
  `position` int(11) DEFAULT NULL,
  `assignable` tinyint(1) DEFAULT 1,
  `builtin` int(11) NOT NULL DEFAULT 0,
  `permissions` text DEFAULT NULL,
  `issues_visibility` varchar(30) NOT NULL DEFAULT 'default',
  `users_visibility` varchar(30) NOT NULL DEFAULT 'all',
  `time_entries_visibility` varchar(30) NOT NULL DEFAULT 'all',
  `all_roles_managed` tinyint(1) NOT NULL DEFAULT 1,
  `settings` text DEFAULT NULL,
  PRIMARY KEY (`id`)
) ENGINE=InnoDB AUTO_INCREMENT=6 DEFAULT CHARSET=utf8mb4 COLLATE=utf8mb4_general_ci;
/*!40101 SET character_set_client = @saved_cs_client */;

--
-- Dumping data for table `roles`
--

LOCK TABLES `roles` WRITE;
/*!40000 ALTER TABLE `roles` DISABLE KEYS */;
INSERT INTO `roles` VALUES
(1,'Non member',0,1,1,'---\n- :view_issues\n- :add_issues\n- :add_issue_notes\n- :save_queries\n- :view_gantt\n- :view_calendar\n- :view_time_entries\n- :view_news\n- :comment_news\n- :view_documents\n- :view_wiki_pages\n- :view_wiki_edits\n- :view_messages\n- :add_messages\n- :view_files\n- :browse_repository\n- :view_changesets\n','default','all','all',1,NULL),
(2,'Anonymous',0,1,2,'---\n- :view_issues\n- :view_gantt\n- :view_calendar\n- :view_time_entries\n- :view_news\n- :view_documents\n- :view_wiki_pages\n- :view_wiki_edits\n- :view_messages\n- :view_files\n- :browse_repository\n- :view_changesets\n','default','all','all',1,NULL),
(3,'管理者',1,1,0,'---\n- :add_project\n- :edit_project\n- :close_project\n- :delete_project\n- :select_project_modules\n- :manage_members\n- :manage_versions\n- :add_subprojects\n- :manage_public_queries\n- :save_queries\n- :view_issues\n- :add_issues\n- :edit_issues\n- :edit_own_issues\n- :copy_issues\n- :manage_issue_relations\n- :manage_subtasks\n- :set_issues_private\n- :set_own_issues_private\n- :add_issue_notes\n- :edit_issue_notes\n- :edit_own_issue_notes\n- :view_private_notes\n- :set_notes_private\n- :delete_issues\n- :view_issue_watchers\n- :add_issue_watchers\n- :delete_issue_watchers\n- :import_issues\n- :manage_categories\n- :view_time_entries\n- :log_time\n- :edit_time_entries\n- :edit_own_time_entries\n- :manage_project_activities\n- :log_time_for_other_users\n- :import_time_entries\n- :view_news\n- :manage_news\n- :comment_news\n- :view_documents\n- :add_documents\n- :edit_documents\n- :delete_documents\n- :view_files\n- :manage_files\n- :view_wiki_pages\n- :view_wiki_edits\n- :export_wiki_pages\n- :edit_wiki_pages\n- :rename_wiki_pages\n- :delete_wiki_pages\n- :delete_wiki_pages_attachments\n- :view_wiki_page_watchers\n- :add_wiki_page_watchers\n- :delete_wiki_page_watchers\n- :protect_wiki_pages\n- :manage_wiki\n- :view_changesets\n- :browse_repository\n- :commit_access\n- :manage_related_issues\n- :manage_repository\n- :view_messages\n- :add_messages\n- :edit_messages\n- :edit_own_messages\n- :delete_messages\n- :delete_own_messages\n- :view_message_watchers\n- :add_message_watchers\n- :delete_message_watchers\n- :manage_boards\n- :view_calendar\n- :view_gantt\n','all','all','all',1,NULL),
(4,'開発者',2,1,0,'---\n- :manage_versions\n- :manage_categories\n- :view_issues\n- :add_issues\n- :edit_issues\n- :view_private_notes\n- :set_notes_private\n- :manage_issue_relations\n- :manage_subtasks\n- :add_issue_notes\n- :save_queries\n- :view_gantt\n- :view_calendar\n- :log_time\n- :view_time_entries\n- :view_news\n- :comment_news\n- :view_documents\n- :view_wiki_pages\n- :view_wiki_edits\n- :edit_wiki_pages\n- :delete_wiki_pages\n- :view_messages\n- :add_messages\n- :edit_own_messages\n- :view_files\n- :manage_files\n- :browse_repository\n- :view_changesets\n- :commit_access\n- :manage_related_issues\n','default','all','all',1,NULL),
(5,'報告者',3,1,0,'---\n- :save_queries\n- :view_messages\n- :add_messages\n- :edit_own_messages\n- :view_calendar\n- :view_documents\n- :view_files\n- :view_gantt\n- :view_issues\n- :add_issues\n- :edit_issues\n- :add_issue_notes\n- :view_news\n- :comment_news\n- :view_changesets\n- :browse_repository\n- :view_time_entries\n- :log_time\n- :view_wiki_pages\n- :view_wiki_edits\n','default','all','all',1,'---\npermissions_all_trackers:\n  view_issues: \'1\'\n  add_issues: \'1\'\n  edit_issues: \'1\'\n  add_issue_notes: \'1\'\n  delete_issues: \'0\'\npermissions_tracker_ids:\n  view_issues: []\n  add_issues: []\n  edit_issues: []\n  add_issue_notes: []\n  delete_issues: []\n');
/*!40000 ALTER TABLE `roles` ENABLE KEYS */;
UNLOCK TABLES;

--
-- Table structure for table `roles_managed_roles`
--

DROP TABLE IF EXISTS `roles_managed_roles`;
/*!40101 SET @saved_cs_client     = @@character_set_client */;
/*!40101 SET character_set_client = utf8 */;
CREATE TABLE `roles_managed_roles` (
  `role_id` int(11) NOT NULL,
  `managed_role_id` int(11) NOT NULL,
  UNIQUE KEY `index_roles_managed_roles_on_role_id_and_managed_role_id` (`role_id`,`managed_role_id`)
) ENGINE=InnoDB DEFAULT CHARSET=utf8mb4 COLLATE=utf8mb4_general_ci;
/*!40101 SET character_set_client = @saved_cs_client */;

--
-- Dumping data for table `roles_managed_roles`
--

LOCK TABLES `roles_managed_roles` WRITE;
/*!40000 ALTER TABLE `roles_managed_roles` DISABLE KEYS */;
/*!40000 ALTER TABLE `roles_managed_roles` ENABLE KEYS */;
UNLOCK TABLES;

--
-- Table structure for table `schema_migrations`
--

DROP TABLE IF EXISTS `schema_migrations`;
/*!40101 SET @saved_cs_client     = @@character_set_client */;
/*!40101 SET character_set_client = utf8 */;
CREATE TABLE `schema_migrations` (
  `version` varchar(255) NOT NULL,
  PRIMARY KEY (`version`)
) ENGINE=InnoDB DEFAULT CHARSET=utf8mb4 COLLATE=utf8mb4_general_ci;
/*!40101 SET character_set_client = @saved_cs_client */;

--
-- Dumping data for table `schema_migrations`
--

LOCK TABLES `schema_migrations` WRITE;
/*!40000 ALTER TABLE `schema_migrations` DISABLE KEYS */;
INSERT INTO `schema_migrations` VALUES
('1'),
('10'),
('100'),
('101'),
('102'),
('103'),
('104'),
('105'),
('106'),
('107'),
('108'),
('11'),
('12'),
('13'),
('14'),
('15'),
('16'),
('17'),
('18'),
('19'),
('2'),
('20'),
('20090214190337'),
('20090312172426'),
('20090312194159'),
('20090318181151'),
('20090323224724'),
('20090401221305'),
('20090401231134'),
('20090403001910'),
('20090406161854'),
('20090425161243'),
('20090503121501'),
('20090503121505'),
('20090503121510'),
('20090614091200'),
('20090704172350'),
('20090704172355'),
('20090704172358'),
('20091010093521'),
('20091017212227'),
('20091017212457'),
('20091017212644'),
('20091017212938'),
('20091017213027'),
('20091017213113'),
('20091017213151'),
('20091017213228'),
('20091017213257'),
('20091017213332'),
('20091017213444'),
('20091017213536'),
('20091017213642'),
('20091017213716'),
('20091017213757'),
('20091017213835'),
('20091017213910'),
('20091017214015'),
('20091017214107'),
('20091017214136'),
('20091017214236'),
('20091017214308'),
('20091017214336'),
('20091017214406'),
('20091017214440'),
('20091017214519'),
('20091017214611'),
('20091017214644'),
('20091017214720'),
('20091017214750'),
('20091025163651'),
('20091108092559'),
('20091114105931'),
('20091123212029'),
('20091205124427'),
('20091220183509'),
('20091220183727'),
('20091220184736'),
('20091225164732'),
('20091227112908'),
('20100129193402'),
('20100129193813'),
('20100221100219'),
('20100313132032'),
('20100313171051'),
('20100705164950'),
('20100819172912'),
('20101104182107'),
('20101107130441'),
('20101114115114'),
('20101114115359'),
('20110220160626'),
('20110223180944'),
('20110223180953'),
('20110224000000'),
('20110226120112'),
('20110226120132'),
('20110227125750'),
('20110228000000'),
('20110228000100'),
('20110401192910'),
('20110408103312'),
('20110412065600'),
('20110511000000'),
('20110902000000'),
('20111201201315'),
('20120115143024'),
('20120115143100'),
('20120115143126'),
('20120127174243'),
('20120205111326'),
('20120223110929'),
('20120301153455'),
('20120422150750'),
('20120705074331'),
('20120707064544'),
('20120714122000'),
('20120714122100'),
('20120714122200'),
('20120731164049'),
('20120930112914'),
('20121026002032'),
('20121026003537'),
('20121209123234'),
('20121209123358'),
('20121213084931'),
('20130110122628'),
('20130201184705'),
('20130202090625'),
('20130207175206'),
('20130207181455'),
('20130215073721'),
('20130215111127'),
('20130215111141'),
('20130217094251'),
('20130602092539'),
('20130710182539'),
('20130713104233'),
('20130713111657'),
('20130729070143'),
('20130911193200'),
('20131004113137'),
('20131005100610'),
('20131124175346'),
('20131210180802'),
('20131214094309'),
('20131215104612'),
('20131218183023'),
('20140228130325'),
('20140903143914'),
('20140920094058'),
('20141029181752'),
('20141029181824'),
('20141109112308'),
('20141122124142'),
('20150113194759'),
('20150113211532'),
('20150113213922'),
('20150113213955'),
('20150208105930'),
('20150510083747'),
('20150525103953'),
('20150526183158'),
('20150528084820'),
('20150528092912'),
('20150528093249'),
('20150725112753'),
('20150730122707'),
('20150730122735'),
('20150921204850'),
('20150921210243'),
('20151020182334'),
('20151020182731'),
('20151021184614'),
('20151021185456'),
('20151021190616'),
('20151024082034'),
('20151025072118'),
('20151031095005'),
('20160404080304'),
('20160416072926'),
('20160529063352'),
('20161001122012'),
('20161002133421'),
('20161010081301'),
('20161010081528'),
('20161010081600'),
('20161126094932'),
('20161220091118'),
('20170207050700'),
('20170302015225'),
('20170309214320'),
('20170320051650'),
('20170418090031'),
('20170419144536'),
('20170723112801'),
('20180501132547'),
('20180913072918'),
('20180923082945'),
('20180923091603'),
('20190315094151'),
('20190315102101'),
('20190510070108'),
('20190620135549'),
('20200826153401'),
('20200826153402'),
('20210704125704'),
('20210705111300'),
('20210728131544'),
('20210801145548'),
('20210801211024'),
('20211213122100'),
('20211213122101'),
('20211213122102'),
('20220224194639'),
('21'),
('22'),
('23'),
('24'),
('25'),
('26'),
('27'),
('28'),
('29'),
('3'),
('30'),
('31'),
('32'),
('33'),
('34'),
('35'),
('36'),
('37'),
('38'),
('39'),
('4'),
('40'),
('41'),
('42'),
('43'),
('44'),
('45'),
('46'),
('47'),
('48'),
('49'),
('5'),
('50'),
('51'),
('52'),
('53'),
('54'),
('55'),
('56'),
('57'),
('58'),
('59'),
('6'),
('60'),
('61'),
('62'),
('63'),
('64'),
('65'),
('66'),
('67'),
('68'),
('69'),
('7'),
('70'),
('71'),
('72'),
('73'),
('74'),
('75'),
('76'),
('77'),
('78'),
('79'),
('8'),
('80'),
('81'),
('82'),
('83'),
('84'),
('85'),
('86'),
('87'),
('88'),
('89'),
('9'),
('90'),
('91'),
('92'),
('93'),
('94'),
('95'),
('96'),
('97'),
('98'),
('99');
/*!40000 ALTER TABLE `schema_migrations` ENABLE KEYS */;
UNLOCK TABLES;

--
-- Table structure for table `settings`
--

DROP TABLE IF EXISTS `settings`;
/*!40101 SET @saved_cs_client     = @@character_set_client */;
/*!40101 SET character_set_client = utf8 */;
CREATE TABLE `settings` (
  `id` int(11) NOT NULL AUTO_INCREMENT,
  `name` varchar(255) NOT NULL DEFAULT '',
  `value` text DEFAULT NULL,
  `updated_on` timestamp NULL DEFAULT NULL,
  PRIMARY KEY (`id`),
  KEY `index_settings_on_name` (`name`)
) ENGINE=InnoDB AUTO_INCREMENT=17 DEFAULT CHARSET=utf8mb4 COLLATE=utf8mb4_general_ci;
/*!40101 SET character_set_client = @saved_cs_client */;

--
-- Dumping data for table `settings`
--

LOCK TABLES `settings` WRITE;
/*!40000 ALTER TABLE `settings` DISABLE KEYS */;
INSERT INTO `settings` VALUES
(1,'ui_theme','','2023-07-08 06:36:29'),
(2,'default_language','ja','2023-07-08 06:36:29'),
(3,'force_default_language_for_anonymous','0','2023-07-08 06:36:29'),
(4,'force_default_language_for_loggedin','0','2023-07-08 06:36:29'),
(5,'start_of_week','','2023-07-08 06:36:29'),
(6,'date_format','','2023-07-08 06:36:29'),
(7,'time_format','','2023-07-08 06:36:29'),
(8,'timespan_format','minutes','2023-07-08 06:36:29'),
(9,'user_format','lastname_firstname','2023-07-08 06:36:29'),
(10,'gravatar_enabled','0','2023-07-08 06:36:29'),
(11,'thumbnails_enabled','1','2023-07-08 06:36:29'),
(12,'thumbnails_size','100','2023-07-08 06:36:29'),
(13,'new_item_menu_tab','2','2023-07-08 06:36:29'),
(14,'rest_api_enabled','1','2023-07-08 06:39:17'),
(15,'jsonp_enabled','0','2023-07-08 06:39:17'),
(16,'default_projects_tracker_ids','---\n- \'1\'\n- \'2\'\n- \'3\'\n','2023-07-08 06:46:33');
/*!40000 ALTER TABLE `settings` ENABLE KEYS */;
UNLOCK TABLES;

--
-- Table structure for table `time_entries`
--

DROP TABLE IF EXISTS `time_entries`;
/*!40101 SET @saved_cs_client     = @@character_set_client */;
/*!40101 SET character_set_client = utf8 */;
CREATE TABLE `time_entries` (
  `id` int(11) NOT NULL AUTO_INCREMENT,
  `project_id` int(11) NOT NULL,
  `author_id` int(11) DEFAULT NULL,
  `user_id` int(11) NOT NULL,
  `issue_id` int(11) DEFAULT NULL,
  `hours` float NOT NULL,
  `comments` varchar(1024) DEFAULT NULL,
  `activity_id` int(11) NOT NULL,
  `spent_on` date NOT NULL,
  `tyear` int(11) NOT NULL,
  `tmonth` int(11) NOT NULL,
  `tweek` int(11) NOT NULL,
  `created_on` datetime NOT NULL,
  `updated_on` datetime NOT NULL,
  PRIMARY KEY (`id`),
  KEY `time_entries_project_id` (`project_id`),
  KEY `time_entries_issue_id` (`issue_id`),
  KEY `index_time_entries_on_activity_id` (`activity_id`),
  KEY `index_time_entries_on_user_id` (`user_id`),
  KEY `index_time_entries_on_created_on` (`created_on`)
) ENGINE=InnoDB DEFAULT CHARSET=utf8mb4 COLLATE=utf8mb4_general_ci;
/*!40101 SET character_set_client = @saved_cs_client */;

--
-- Dumping data for table `time_entries`
--

LOCK TABLES `time_entries` WRITE;
/*!40000 ALTER TABLE `time_entries` DISABLE KEYS */;
/*!40000 ALTER TABLE `time_entries` ENABLE KEYS */;
UNLOCK TABLES;

--
-- Table structure for table `tokens`
--

DROP TABLE IF EXISTS `tokens`;
/*!40101 SET @saved_cs_client     = @@character_set_client */;
/*!40101 SET character_set_client = utf8 */;
CREATE TABLE `tokens` (
  `id` int(11) NOT NULL AUTO_INCREMENT,
  `user_id` int(11) NOT NULL DEFAULT 0,
  `action` varchar(30) NOT NULL DEFAULT '',
  `value` varchar(40) NOT NULL DEFAULT '',
  `created_on` datetime NOT NULL,
  `updated_on` timestamp NULL DEFAULT NULL,
  PRIMARY KEY (`id`),
  UNIQUE KEY `tokens_value` (`value`),
  KEY `index_tokens_on_user_id` (`user_id`)
) ENGINE=InnoDB AUTO_INCREMENT=12 DEFAULT CHARSET=utf8mb4 COLLATE=utf8mb4_general_ci;
/*!40101 SET character_set_client = @saved_cs_client */;

--
-- Dumping data for table `tokens`
--

LOCK TABLES `tokens` WRITE;
/*!40000 ALTER TABLE `tokens` DISABLE KEYS */;
INSERT INTO `tokens` VALUES
(3,1,'feeds','a27bc683908d98ff0fadeb8f48a2d2ac5601940d','2023-07-08 06:46:20','2023-07-08 06:46:20'),
(5,5,'session','d5a14379dfc832b8ec6f4b7771ae6ac4c2a4ff67','2023-07-08 07:23:54','2023-07-08 07:42:05'),
(6,5,'feeds','28c9017d1c40f80bb447ac8b90dfcce6b87ae2bc','2023-07-08 07:23:55','2023-07-08 07:23:55'),
(7,5,'api','493303a2091d98f93f263af0077b697e432b09f7','2023-07-08 07:24:06','2023-07-08 07:24:06'),
(9,5,'session','f5acf3e7a05f658e89dccd6e0910b83d0cb5aa91','2023-07-14 06:36:14','2023-07-14 06:36:14'),
(11,1,'session','2d8440a7d658492fa08a1890abdf8f76f459beef','2023-07-14 07:02:49','2023-07-14 07:03:52');
/*!40000 ALTER TABLE `tokens` ENABLE KEYS */;
UNLOCK TABLES;

--
-- Table structure for table `trackers`
--

DROP TABLE IF EXISTS `trackers`;
/*!40101 SET @saved_cs_client     = @@character_set_client */;
/*!40101 SET character_set_client = utf8 */;
CREATE TABLE `trackers` (
  `id` int(11) NOT NULL AUTO_INCREMENT,
  `name` varchar(30) NOT NULL DEFAULT '',
  `description` varchar(255) DEFAULT NULL,
  `position` int(11) DEFAULT NULL,
  `is_in_roadmap` tinyint(1) NOT NULL DEFAULT 1,
  `fields_bits` int(11) DEFAULT 0,
  `default_status_id` int(11) DEFAULT NULL,
  PRIMARY KEY (`id`)
) ENGINE=InnoDB AUTO_INCREMENT=5 DEFAULT CHARSET=utf8mb4 COLLATE=utf8mb4_general_ci;
/*!40101 SET character_set_client = @saved_cs_client */;

--
-- Dumping data for table `trackers`
--

LOCK TABLES `trackers` WRITE;
/*!40000 ALTER TABLE `trackers` DISABLE KEYS */;
INSERT INTO `trackers` VALUES
(1,'バグ',NULL,1,0,0,1),
(2,'機能',NULL,2,1,0,1),
(3,'サポート',NULL,3,0,0,1),
(4,'障害','',4,1,0,1);
/*!40000 ALTER TABLE `trackers` ENABLE KEYS */;
UNLOCK TABLES;

--
-- Table structure for table `user_preferences`
--

DROP TABLE IF EXISTS `user_preferences`;
/*!40101 SET @saved_cs_client     = @@character_set_client */;
/*!40101 SET character_set_client = utf8 */;
CREATE TABLE `user_preferences` (
  `id` int(11) NOT NULL AUTO_INCREMENT,
  `user_id` int(11) NOT NULL DEFAULT 0,
  `others` text DEFAULT NULL,
  `hide_mail` tinyint(1) DEFAULT 1,
  `time_zone` varchar(255) DEFAULT NULL,
  PRIMARY KEY (`id`),
  KEY `index_user_preferences_on_user_id` (`user_id`)
) ENGINE=InnoDB AUTO_INCREMENT=24 DEFAULT CHARSET=utf8mb4 COLLATE=utf8mb4_general_ci;
/*!40101 SET character_set_client = @saved_cs_client */;

--
-- Dumping data for table `user_preferences`
--

LOCK TABLES `user_preferences` WRITE;
/*!40000 ALTER TABLE `user_preferences` DISABLE KEYS */;
INSERT INTO `user_preferences` VALUES
(1,1,'---\n:no_self_notified: \'1\'\n:auto_watch_on:\n- \'\'\n- issue_contributed_to\n:my_page_layout:\n  left:\n  - issuesassignedtome\n  right:\n  - issuesreportedbyme\n:my_page_settings: {}\n:comments_sorting: asc\n:warn_on_leaving_unsaved: \'1\'\n:textarea_font: \'\'\n:recently_used_projects: 3\n:history_default_tab: notes\n:toolbar_language_options: c,cpp,csharp,css,diff,go,groovy,html,java,javascript,objc,perl,php,python,r,ruby,sass,scala,shell,sql,swift,xml,yaml\n:default_issue_query: \'\'\n:default_project_query: \'\'\n:recently_used_project_ids: \'1\'\n',1,''),
(2,5,'---\n:no_self_notified: \'1\'\n:auto_watch_on:\n- \'\'\n- issue_contributed_to\n:my_page_layout:\n  left:\n  - issuesassignedtome\n  right:\n  - issuesreportedbyme\n:my_page_settings: {}\n:notify_about_high_priority_issues: \'0\'\n:comments_sorting: asc\n:warn_on_leaving_unsaved: \'1\'\n:textarea_font: \'\'\n:recently_used_projects: 3\n:history_default_tab: notes\n:toolbar_language_options: c,cpp,csharp,css,diff,go,groovy,html,java,javascript,objc,perl,php,python,r,ruby,sass,scala,shell,sql,swift,xml,yaml\n:default_issue_query: \'\'\n:default_project_query: \'\'\n:recently_used_project_ids: \'1\'\n',1,''),
(3,6,'---\n:no_self_notified: \'1\'\n:auto_watch_on:\n- \'\'\n- issue_contributed_to\n:my_page_layout:\n  left:\n  - issuesassignedtome\n  right:\n  - issuesreportedbyme\n:my_page_settings: {}\n:notify_about_high_priority_issues: \'0\'\n:comments_sorting: asc\n:warn_on_leaving_unsaved: \'1\'\n:textarea_font: \'\'\n:recently_used_projects: 3\n:history_default_tab: notes\n:toolbar_language_options: c,cpp,csharp,css,diff,go,groovy,html,java,javascript,objc,perl,php,python,r,ruby,sass,scala,shell,sql,swift,xml,yaml\n:default_issue_query: \'\'\n:default_project_query: \'\'\n',1,''),
(4,7,'---\n:no_self_notified: \'1\'\n:auto_watch_on:\n- \'\'\n- issue_contributed_to\n:my_page_layout:\n  left:\n  - issuesassignedtome\n  right:\n  - issuesreportedbyme\n:my_page_settings: {}\n:notify_about_high_priority_issues: \'0\'\n:comments_sorting: asc\n:warn_on_leaving_unsaved: \'1\'\n:textarea_font: \'\'\n:recently_used_projects: 3\n:history_default_tab: notes\n:toolbar_language_options: c,cpp,csharp,css,diff,go,groovy,html,java,javascript,objc,perl,php,python,r,ruby,sass,scala,shell,sql,swift,xml,yaml\n:default_issue_query: \'\'\n:default_project_query: \'\'\n',1,''),
(5,8,'---\n:no_self_notified: \'1\'\n:auto_watch_on:\n- \'\'\n- issue_contributed_to\n:my_page_layout:\n  left:\n  - issuesassignedtome\n  right:\n  - issuesreportedbyme\n:my_page_settings: {}\n:notify_about_high_priority_issues: \'0\'\n:comments_sorting: asc\n:warn_on_leaving_unsaved: \'1\'\n:textarea_font: \'\'\n:recently_used_projects: 3\n:history_default_tab: notes\n:toolbar_language_options: c,cpp,csharp,css,diff,go,groovy,html,java,javascript,objc,perl,php,python,r,ruby,sass,scala,shell,sql,swift,xml,yaml\n:default_issue_query: \'\'\n:default_project_query: \'\'\n',1,''),
(6,9,'---\n:no_self_notified: \'1\'\n:auto_watch_on:\n- \'\'\n- issue_contributed_to\n:my_page_layout:\n  left:\n  - issuesassignedtome\n  right:\n  - issuesreportedbyme\n:my_page_settings: {}\n:notify_about_high_priority_issues: \'0\'\n:comments_sorting: asc\n:warn_on_leaving_unsaved: \'1\'\n:textarea_font: \'\'\n:recently_used_projects: 3\n:history_default_tab: notes\n:toolbar_language_options: c,cpp,csharp,css,diff,go,groovy,html,java,javascript,objc,perl,php,python,r,ruby,sass,scala,shell,sql,swift,xml,yaml\n:default_issue_query: \'\'\n:default_project_query: \'\'\n',1,''),
(7,10,'---\n:no_self_notified: \'1\'\n:auto_watch_on:\n- \'\'\n- issue_contributed_to\n:my_page_layout:\n  left:\n  - issuesassignedtome\n  right:\n  - issuesreportedbyme\n:my_page_settings: {}\n:notify_about_high_priority_issues: \'0\'\n:comments_sorting: asc\n:warn_on_leaving_unsaved: \'1\'\n:textarea_font: \'\'\n:recently_used_projects: 3\n:history_default_tab: notes\n:toolbar_language_options: c,cpp,csharp,css,diff,go,groovy,html,java,javascript,objc,perl,php,python,r,ruby,sass,scala,shell,sql,swift,xml,yaml\n:default_issue_query: \'\'\n:default_project_query: \'\'\n',1,''),
(8,11,'---\n:no_self_notified: \'1\'\n:auto_watch_on:\n- \'\'\n- issue_contributed_to\n:my_page_layout:\n  left:\n  - issuesassignedtome\n  right:\n  - issuesreportedbyme\n:my_page_settings: {}\n:notify_about_high_priority_issues: \'0\'\n:comments_sorting: asc\n:warn_on_leaving_unsaved: \'1\'\n:textarea_font: \'\'\n:recently_used_projects: 3\n:history_default_tab: notes\n:toolbar_language_options: c,cpp,csharp,css,diff,go,groovy,html,java,javascript,objc,perl,php,python,r,ruby,sass,scala,shell,sql,swift,xml,yaml\n:default_issue_query: \'\'\n:default_project_query: \'\'\n',1,''),
(9,12,'---\n:no_self_notified: \'1\'\n:auto_watch_on:\n- \'\'\n- issue_contributed_to\n:my_page_layout:\n  left:\n  - issuesassignedtome\n  right:\n  - issuesreportedbyme\n:my_page_settings: {}\n:notify_about_high_priority_issues: \'0\'\n:comments_sorting: asc\n:warn_on_leaving_unsaved: \'1\'\n:textarea_font: \'\'\n:recently_used_projects: 3\n:history_default_tab: notes\n:toolbar_language_options: c,cpp,csharp,css,diff,go,groovy,html,java,javascript,objc,perl,php,python,r,ruby,sass,scala,shell,sql,swift,xml,yaml\n:default_issue_query: \'\'\n:default_project_query: \'\'\n',1,''),
(10,13,'---\n:no_self_notified: \'1\'\n:auto_watch_on:\n- \'\'\n- issue_contributed_to\n:my_page_layout:\n  left:\n  - issuesassignedtome\n  right:\n  - issuesreportedbyme\n:my_page_settings: {}\n:notify_about_high_priority_issues: \'0\'\n:comments_sorting: asc\n:warn_on_leaving_unsaved: \'1\'\n:textarea_font: \'\'\n:recently_used_projects: 3\n:history_default_tab: notes\n:toolbar_language_options: c,cpp,csharp,css,diff,go,groovy,html,java,javascript,objc,perl,php,python,r,ruby,sass,scala,shell,sql,swift,xml,yaml\n:default_issue_query: \'\'\n:default_project_query: \'\'\n',1,''),
(11,14,'---\n:no_self_notified: \'1\'\n:auto_watch_on:\n- \'\'\n- issue_contributed_to\n:my_page_layout:\n  left:\n  - issuesassignedtome\n  right:\n  - issuesreportedbyme\n:my_page_settings: {}\n:notify_about_high_priority_issues: \'0\'\n:comments_sorting: asc\n:warn_on_leaving_unsaved: \'1\'\n:textarea_font: \'\'\n:recently_used_projects: 3\n:history_default_tab: notes\n:toolbar_language_options: c,cpp,csharp,css,diff,go,groovy,html,java,javascript,objc,perl,php,python,r,ruby,sass,scala,shell,sql,swift,xml,yaml\n:default_issue_query: \'\'\n:default_project_query: \'\'\n',1,''),
(12,15,'---\n:no_self_notified: \'1\'\n:auto_watch_on:\n- \'\'\n- issue_contributed_to\n:my_page_layout:\n  left:\n  - issuesassignedtome\n  right:\n  - issuesreportedbyme\n:my_page_settings: {}\n:notify_about_high_priority_issues: \'0\'\n:comments_sorting: asc\n:warn_on_leaving_unsaved: \'1\'\n:textarea_font: \'\'\n:recently_used_projects: 3\n:history_default_tab: notes\n:toolbar_language_options: c,cpp,csharp,css,diff,go,groovy,html,java,javascript,objc,perl,php,python,r,ruby,sass,scala,shell,sql,swift,xml,yaml\n:default_issue_query: \'\'\n:default_project_query: \'\'\n',1,''),
(13,16,'---\n:no_self_notified: \'1\'\n:auto_watch_on:\n- \'\'\n- issue_contributed_to\n:my_page_layout:\n  left:\n  - issuesassignedtome\n  right:\n  - issuesreportedbyme\n:my_page_settings: {}\n:notify_about_high_priority_issues: \'0\'\n:comments_sorting: asc\n:warn_on_leaving_unsaved: \'1\'\n:textarea_font: \'\'\n:recently_used_projects: 3\n:history_default_tab: notes\n:toolbar_language_options: c,cpp,csharp,css,diff,go,groovy,html,java,javascript,objc,perl,php,python,r,ruby,sass,scala,shell,sql,swift,xml,yaml\n:default_issue_query: \'\'\n:default_project_query: \'\'\n',1,''),
(14,17,'---\n:no_self_notified: \'1\'\n:auto_watch_on:\n- \'\'\n- issue_contributed_to\n:my_page_layout:\n  left:\n  - issuesassignedtome\n  right:\n  - issuesreportedbyme\n:my_page_settings: {}\n:notify_about_high_priority_issues: \'0\'\n:comments_sorting: asc\n:warn_on_leaving_unsaved: \'1\'\n:textarea_font: \'\'\n:recently_used_projects: 3\n:history_default_tab: notes\n:toolbar_language_options: c,cpp,csharp,css,diff,go,groovy,html,java,javascript,objc,perl,php,python,r,ruby,sass,scala,shell,sql,swift,xml,yaml\n:default_issue_query: \'\'\n:default_project_query: \'\'\n',1,''),
(15,18,'---\n:no_self_notified: \'1\'\n:auto_watch_on:\n- \'\'\n- issue_contributed_to\n:my_page_layout:\n  left:\n  - issuesassignedtome\n  right:\n  - issuesreportedbyme\n:my_page_settings: {}\n:notify_about_high_priority_issues: \'0\'\n:comments_sorting: asc\n:warn_on_leaving_unsaved: \'1\'\n:textarea_font: \'\'\n:recently_used_projects: 3\n:history_default_tab: notes\n:toolbar_language_options: c,cpp,csharp,css,diff,go,groovy,html,java,javascript,objc,perl,php,python,r,ruby,sass,scala,shell,sql,swift,xml,yaml\n:default_issue_query: \'\'\n:default_project_query: \'\'\n',1,''),
(16,19,'---\n:no_self_notified: \'1\'\n:auto_watch_on:\n- \'\'\n- issue_contributed_to\n:my_page_layout:\n  left:\n  - issuesassignedtome\n  right:\n  - issuesreportedbyme\n:my_page_settings: {}\n:notify_about_high_priority_issues: \'0\'\n:comments_sorting: asc\n:warn_on_leaving_unsaved: \'1\'\n:textarea_font: \'\'\n:recently_used_projects: 3\n:history_default_tab: notes\n:toolbar_language_options: c,cpp,csharp,css,diff,go,groovy,html,java,javascript,objc,perl,php,python,r,ruby,sass,scala,shell,sql,swift,xml,yaml\n:default_issue_query: \'\'\n:default_project_query: \'\'\n',1,''),
(17,20,'---\n:no_self_notified: \'1\'\n:auto_watch_on:\n- \'\'\n- issue_contributed_to\n:my_page_layout:\n  left:\n  - issuesassignedtome\n  right:\n  - issuesreportedbyme\n:my_page_settings: {}\n:notify_about_high_priority_issues: \'0\'\n:comments_sorting: asc\n:warn_on_leaving_unsaved: \'1\'\n:textarea_font: \'\'\n:recently_used_projects: 3\n:history_default_tab: notes\n:toolbar_language_options: c,cpp,csharp,css,diff,go,groovy,html,java,javascript,objc,perl,php,python,r,ruby,sass,scala,shell,sql,swift,xml,yaml\n:default_issue_query: \'\'\n:default_project_query: \'\'\n',1,''),
(18,21,'---\n:no_self_notified: \'1\'\n:auto_watch_on:\n- \'\'\n- issue_contributed_to\n:my_page_layout:\n  left:\n  - issuesassignedtome\n  right:\n  - issuesreportedbyme\n:my_page_settings: {}\n:notify_about_high_priority_issues: \'0\'\n:comments_sorting: asc\n:warn_on_leaving_unsaved: \'1\'\n:textarea_font: \'\'\n:recently_used_projects: 3\n:history_default_tab: notes\n:toolbar_language_options: c,cpp,csharp,css,diff,go,groovy,html,java,javascript,objc,perl,php,python,r,ruby,sass,scala,shell,sql,swift,xml,yaml\n:default_issue_query: \'\'\n:default_project_query: \'\'\n',1,''),
(19,22,'---\n:no_self_notified: \'1\'\n:auto_watch_on:\n- \'\'\n- issue_contributed_to\n:my_page_layout:\n  left:\n  - issuesassignedtome\n  right:\n  - issuesreportedbyme\n:my_page_settings: {}\n:notify_about_high_priority_issues: \'0\'\n:comments_sorting: asc\n:warn_on_leaving_unsaved: \'1\'\n:textarea_font: \'\'\n:recently_used_projects: 3\n:history_default_tab: notes\n:toolbar_language_options: c,cpp,csharp,css,diff,go,groovy,html,java,javascript,objc,perl,php,python,r,ruby,sass,scala,shell,sql,swift,xml,yaml\n:default_issue_query: \'\'\n:default_project_query: \'\'\n',1,''),
(20,23,'---\n:no_self_notified: \'1\'\n:auto_watch_on:\n- \'\'\n- issue_contributed_to\n:my_page_layout:\n  left:\n  - issuesassignedtome\n  right:\n  - issuesreportedbyme\n:my_page_settings: {}\n:notify_about_high_priority_issues: \'0\'\n:comments_sorting: asc\n:warn_on_leaving_unsaved: \'1\'\n:textarea_font: \'\'\n:recently_used_projects: 3\n:history_default_tab: notes\n:toolbar_language_options: c,cpp,csharp,css,diff,go,groovy,html,java,javascript,objc,perl,php,python,r,ruby,sass,scala,shell,sql,swift,xml,yaml\n:default_issue_query: \'\'\n:default_project_query: \'\'\n',1,''),
(21,24,'---\n:no_self_notified: \'1\'\n:auto_watch_on:\n- \'\'\n- issue_contributed_to\n:my_page_layout:\n  left:\n  - issuesassignedtome\n  right:\n  - issuesreportedbyme\n:my_page_settings: {}\n:notify_about_high_priority_issues: \'0\'\n:comments_sorting: asc\n:warn_on_leaving_unsaved: \'1\'\n:textarea_font: \'\'\n:recently_used_projects: 3\n:history_default_tab: notes\n:toolbar_language_options: c,cpp,csharp,css,diff,go,groovy,html,java,javascript,objc,perl,php,python,r,ruby,sass,scala,shell,sql,swift,xml,yaml\n:default_issue_query: \'\'\n:default_project_query: \'\'\n',1,''),
(22,25,'---\n:no_self_notified: \'1\'\n:auto_watch_on:\n- \'\'\n- issue_contributed_to\n:my_page_layout:\n  left:\n  - issuesassignedtome\n  right:\n  - issuesreportedbyme\n:my_page_settings: {}\n:notify_about_high_priority_issues: \'0\'\n:comments_sorting: asc\n:warn_on_leaving_unsaved: \'1\'\n:textarea_font: \'\'\n:recently_used_projects: 3\n:history_default_tab: notes\n:toolbar_language_options: c,cpp,csharp,css,diff,go,groovy,html,java,javascript,objc,perl,php,python,r,ruby,sass,scala,shell,sql,swift,xml,yaml\n:default_issue_query: \'\'\n:default_project_query: \'\'\n',1,''),
(23,26,'---\n:no_self_notified: \'1\'\n:auto_watch_on:\n- \'\'\n- issue_contributed_to\n:my_page_layout:\n  left:\n  - issuesassignedtome\n  right:\n  - issuesreportedbyme\n:my_page_settings: {}\n:notify_about_high_priority_issues: \'0\'\n:comments_sorting: asc\n:warn_on_leaving_unsaved: \'1\'\n:textarea_font: \'\'\n:recently_used_projects: 3\n:history_default_tab: notes\n:toolbar_language_options: c,cpp,csharp,css,diff,go,groovy,html,java,javascript,objc,perl,php,python,r,ruby,sass,scala,shell,sql,swift,xml,yaml\n:default_issue_query: \'\'\n:default_project_query: \'\'\n',1,'');
/*!40000 ALTER TABLE `user_preferences` ENABLE KEYS */;
UNLOCK TABLES;

--
-- Table structure for table `users`
--

DROP TABLE IF EXISTS `users`;
/*!40101 SET @saved_cs_client     = @@character_set_client */;
/*!40101 SET character_set_client = utf8 */;
CREATE TABLE `users` (
  `id` int(11) NOT NULL AUTO_INCREMENT,
  `login` varchar(255) NOT NULL DEFAULT '',
  `hashed_password` varchar(40) NOT NULL DEFAULT '',
  `firstname` varchar(30) NOT NULL DEFAULT '',
  `lastname` varchar(255) NOT NULL DEFAULT '',
  `admin` tinyint(1) NOT NULL DEFAULT 0,
  `status` int(11) NOT NULL DEFAULT 1,
  `last_login_on` datetime DEFAULT NULL,
  `language` varchar(5) DEFAULT '',
  `auth_source_id` int(11) DEFAULT NULL,
  `created_on` timestamp NULL DEFAULT NULL,
  `updated_on` timestamp NULL DEFAULT NULL,
  `type` varchar(255) DEFAULT NULL,
  `mail_notification` varchar(255) NOT NULL DEFAULT '',
  `salt` varchar(64) DEFAULT NULL,
  `must_change_passwd` tinyint(1) NOT NULL DEFAULT 0,
  `passwd_changed_on` datetime DEFAULT NULL,
  `twofa_scheme` varchar(255) DEFAULT NULL,
  `twofa_totp_key` varchar(255) DEFAULT NULL,
  `twofa_totp_last_used_at` int(11) DEFAULT NULL,
  `twofa_required` tinyint(1) DEFAULT 0,
  PRIMARY KEY (`id`),
  KEY `index_users_on_id_and_type` (`id`,`type`),
  KEY `index_users_on_auth_source_id` (`auth_source_id`),
  KEY `index_users_on_type` (`type`)
) ENGINE=InnoDB AUTO_INCREMENT=27 DEFAULT CHARSET=utf8mb4 COLLATE=utf8mb4_general_ci;
/*!40101 SET character_set_client = @saved_cs_client */;

--
-- Dumping data for table `users`
--

LOCK TABLES `users` WRITE;
/*!40000 ALTER TABLE `users` DISABLE KEYS */;
INSERT INTO `users` VALUES
(1,'admin','cb52e9a95e8171b2a4e717f58a9e17de5cf260ce','Redmine','Admin',1,1,'2023-07-14 07:02:49','ja',NULL,'2023-07-08 06:18:43','2023-07-08 06:32:47','User','all','a7484f9cdcf7e27fafa516973e8dc796',0,'2023-07-08 06:30:35',NULL,NULL,NULL,0),
(2,'','','','Anonymous users',0,1,NULL,'',NULL,'2023-07-08 06:18:49','2023-07-08 06:18:49','GroupAnonymous','',NULL,0,NULL,NULL,NULL,NULL,0),
(3,'','','','Non member users',0,1,NULL,'',NULL,'2023-07-08 06:18:49','2023-07-08 06:18:49','GroupNonMember','',NULL,0,NULL,NULL,NULL,NULL,0),
(4,'','','','Anonymous',0,0,NULL,'',NULL,'2023-07-08 06:25:46','2023-07-08 06:25:46','AnonymousUser','only_my_events',NULL,0,NULL,NULL,NULL,NULL,0),
(5,'automates01','eb5be0117e4274516f6b03f1ba7d00f9e53d6e8d','イチ','自動起票',0,1,'2023-07-14 07:02:17','ja',NULL,'2023-07-08 07:01:16','2023-07-08 07:11:14','User','only_my_events','aaaca2732ed2085d2c1d5af2fa2a214f',0,'2023-07-08 07:11:14',NULL,NULL,NULL,0),
(6,'automates02','ec6edafa25af486f7c3cee1e40dc0d612d173990','ニ','自動起票',0,1,NULL,'ja',NULL,'2023-07-08 07:01:16','2023-07-08 07:12:58','User','only_my_events','5f172e881f6dcb10e1026bf4941fb7a8',0,'2023-07-08 07:12:58',NULL,NULL,NULL,0),
(7,'user01','5eaed54bec6e1b23c6bc8e75da2b53c0bc00e787','哲也','内藤',0,1,NULL,'ja',NULL,'2023-07-08 07:01:16','2023-07-08 07:13:06','User','only_my_events','2c6ed4d04d804d9d35216b4f97ad6d21',0,'2023-07-08 07:13:06',NULL,NULL,NULL,0),
(8,'user02','ce9dcbe81b464a8b4ce104c5b9ad4e86c297d0f3','弘至','棚橋',0,1,NULL,'ja',NULL,'2023-07-08 07:01:16','2023-07-08 07:13:14','User','only_my_events','c4706a925cba8d84a64a1877de1b5808',0,'2023-07-08 07:13:14',NULL,NULL,NULL,0),
(9,'user03','f3cfc8aec7e2d262b2ae85934bea4cfd35a3057f','真輔','中邑',0,1,NULL,'ja',NULL,'2023-07-08 07:01:16','2023-07-08 07:13:42','User','only_my_events','5c1cec149cc3de3862904952bd22b341',0,'2023-07-08 07:13:42',NULL,NULL,NULL,0),
(10,'user04','f520f650992c563cd847235731f981c76dabe684','カズチカ','オカダ',0,1,NULL,'ja',NULL,'2023-07-08 07:01:16','2023-07-08 07:13:56','User','only_my_events','01094804ee0b5247b30f7d72a4026e0c',0,'2023-07-08 07:13:56',NULL,NULL,NULL,0),
(11,'user05','9fab436fa41351d8d0cf2654041e7a77bc387197','スタイルズ','AJ',0,1,NULL,'ja',NULL,'2023-07-08 07:01:16','2023-07-08 07:14:03','User','only_my_events','489b4c08052b5cb13db02b70cf5d574e',0,'2023-07-08 07:14:03',NULL,NULL,NULL,0),
(12,'user06','d3cda1286b09adafd3f24b8245be4dfed73705bb','裕志','永田',0,1,NULL,'ja',NULL,'2023-07-08 07:01:16','2023-07-08 07:14:10','User','only_my_events','38bb4100c60586e246cf82fe86ac6c2e',0,'2023-07-08 07:14:10',NULL,NULL,NULL,0),
(13,'user07','b4ecec0d9a89fdc46f85fccdcd4e0ed6841a9502','広吉','天山',0,1,NULL,'ja',NULL,'2023-07-08 07:01:16','2023-07-08 07:14:19','User','only_my_events','f73d8ad4110b9b3c5aab01f8f31f9559',0,'2023-07-08 07:14:19',NULL,NULL,NULL,0),
(14,'user08','7989cf25f91fcd6e27de1793ea2d47e1cbff1479','聡','小島',0,1,NULL,'ja',NULL,'2023-07-08 07:01:17','2023-07-08 07:14:28','User','only_my_events','eeaf237775e7b5a02ffb41ee0f1fda0c',0,'2023-07-08 07:14:28',NULL,NULL,NULL,0),
(15,'user09','c51d9a90b7e2068b919f3ebe51326b66b9c9f81b','学','中西',0,1,NULL,'ja',NULL,'2023-07-08 07:01:17','2023-07-08 07:14:36','User','only_my_events','c5c3b2f522177651179e5d84dbc73b63',0,'2023-07-08 07:14:36',NULL,NULL,NULL,0),
(16,'user10','fb3e3962319b7dd3023c2f0f8c04669a68a044bf','勝頼','柴田',0,1,NULL,'ja',NULL,'2023-07-08 07:01:17','2023-07-08 07:14:44','User','only_my_events','b1b8ff6c9f253c0b12540654cb6418d3',0,'2023-07-08 07:14:44',NULL,NULL,NULL,0),
(17,'user11','c7f519e567070e1251c3c60042903bae5cb02419','翔太','海野',0,1,NULL,'ja',NULL,'2023-07-08 07:01:17','2023-07-08 07:14:52','User','only_my_events','4812cc102a228dd8cd0a6a9707352a28',0,'2023-07-08 07:14:52',NULL,NULL,NULL,0),
(18,'user12','0a8ebd1e4d10eaf2533bed25bc6b999208ce2379','洋央紀','後藤',0,1,NULL,'ja',NULL,'2023-07-08 07:01:17','2023-07-08 07:15:00','User','only_my_events','3559b47d51a1506d0f99e6e7711c6a85',0,'2023-07-08 07:15:00',NULL,NULL,NULL,0),
(19,'user13','f2dc982ed83e780d77ab9a63baca66751c21b02a','EVIL','キング・オブ・ダークネス',0,1,NULL,'ja',NULL,'2023-07-08 07:01:17','2023-07-08 07:15:13','User','only_my_events','b9ae6a5d8ad40b27c21316e4c8e5b732',0,'2023-07-08 07:15:13',NULL,NULL,NULL,0),
(20,'user14','800f9d283d81173895340fdb7f0bbb9124c41e07','刀義','真壁',0,1,NULL,'ja',NULL,'2023-07-08 07:01:17','2023-07-08 07:15:22','User','only_my_events','2cde25bcf1cdb0a3c4e5edffaf484603',0,'2023-07-08 07:15:22',NULL,NULL,NULL,0),
(21,'user15','91c6eaa21c274d704c552011db230ef7c3ef6747','デスペラード','エル',0,1,NULL,'ja',NULL,'2023-07-08 07:01:17','2023-07-08 07:15:30','User','only_my_events','8fef77755c195671a58c2c9d02384a54',0,'2023-07-08 07:15:30',NULL,NULL,NULL,0),
(22,'user16','88ebda5b8296b5539c27fc15dba7ea0986af56a4','ヒロム','高橋',0,1,NULL,'ja',NULL,'2023-07-08 07:01:17','2023-07-08 07:15:39','User','only_my_events','804432d6d7a23a3be28c8d53beacb12c',0,'2023-07-08 07:15:39',NULL,NULL,NULL,0),
(23,'user17','9a0994c66157124e64daa4daa9386ec00e64163d','Jr','ザック・セイバー',0,1,NULL,'ja',NULL,'2023-07-08 07:01:17','2023-07-08 07:15:47','User','only_my_events','06c0c6932d6b10dc2afa9b1a0c4c8134',0,'2023-07-08 07:15:47',NULL,NULL,NULL,0),
(24,'user18','66210604b7c0f6589c054f45df4912ca4a59c00c','みのる','鈴木',0,1,NULL,'ja',NULL,'2023-07-08 07:01:17','2023-07-08 07:15:56','User','only_my_events','473b7ce648caac72e6cc0409269b85d0',0,'2023-07-08 07:15:56',NULL,NULL,NULL,0),
(25,'user19','f370fee3538264d8975933eb4fdf9c994ce4b355','キッド','ゲイブリエル',0,1,NULL,'ja',NULL,'2023-07-08 07:01:17','2023-07-08 07:16:03','User','only_my_events','825719cdb9c6cfbc11dab9ded7a06a6b',0,'2023-07-08 07:16:03',NULL,NULL,NULL,0),
(26,'user20','bf44452311c06d2529b24223c3c4a63edfa6f766','太ニ','石森',0,1,NULL,'ja',NULL,'2023-07-08 07:01:17','2023-07-08 07:16:10','User','only_my_events','c4fc760bd7c8e1691c1f821e92558182',0,'2023-07-08 07:16:10',NULL,NULL,NULL,0);
/*!40000 ALTER TABLE `users` ENABLE KEYS */;
UNLOCK TABLES;

--
-- Table structure for table `versions`
--

DROP TABLE IF EXISTS `versions`;
/*!40101 SET @saved_cs_client     = @@character_set_client */;
/*!40101 SET character_set_client = utf8 */;
CREATE TABLE `versions` (
  `id` int(11) NOT NULL AUTO_INCREMENT,
  `project_id` int(11) NOT NULL DEFAULT 0,
  `name` varchar(255) NOT NULL DEFAULT '',
  `description` varchar(255) DEFAULT '',
  `effective_date` date DEFAULT NULL,
  `created_on` timestamp NULL DEFAULT NULL,
  `updated_on` timestamp NULL DEFAULT NULL,
  `wiki_page_title` varchar(255) DEFAULT NULL,
  `status` varchar(255) DEFAULT 'open',
  `sharing` varchar(255) NOT NULL DEFAULT 'none',
  PRIMARY KEY (`id`),
  KEY `versions_project_id` (`project_id`),
  KEY `index_versions_on_sharing` (`sharing`)
) ENGINE=InnoDB DEFAULT CHARSET=utf8mb4 COLLATE=utf8mb4_general_ci;
/*!40101 SET character_set_client = @saved_cs_client */;

--
-- Dumping data for table `versions`
--

LOCK TABLES `versions` WRITE;
/*!40000 ALTER TABLE `versions` DISABLE KEYS */;
/*!40000 ALTER TABLE `versions` ENABLE KEYS */;
UNLOCK TABLES;

--
-- Table structure for table `watchers`
--

DROP TABLE IF EXISTS `watchers`;
/*!40101 SET @saved_cs_client     = @@character_set_client */;
/*!40101 SET character_set_client = utf8 */;
CREATE TABLE `watchers` (
  `id` int(11) NOT NULL AUTO_INCREMENT,
  `watchable_type` varchar(255) NOT NULL DEFAULT '',
  `watchable_id` int(11) NOT NULL DEFAULT 0,
  `user_id` int(11) DEFAULT NULL,
  PRIMARY KEY (`id`),
  KEY `watchers_user_id_type` (`user_id`,`watchable_type`),
  KEY `index_watchers_on_user_id` (`user_id`),
  KEY `index_watchers_on_watchable_id_and_watchable_type` (`watchable_id`,`watchable_type`)
) ENGINE=InnoDB DEFAULT CHARSET=utf8mb4 COLLATE=utf8mb4_general_ci;
/*!40101 SET character_set_client = @saved_cs_client */;

--
-- Dumping data for table `watchers`
--

LOCK TABLES `watchers` WRITE;
/*!40000 ALTER TABLE `watchers` DISABLE KEYS */;
/*!40000 ALTER TABLE `watchers` ENABLE KEYS */;
UNLOCK TABLES;

--
-- Table structure for table `wiki_content_versions`
--

DROP TABLE IF EXISTS `wiki_content_versions`;
/*!40101 SET @saved_cs_client     = @@character_set_client */;
/*!40101 SET character_set_client = utf8 */;
CREATE TABLE `wiki_content_versions` (
  `id` int(11) NOT NULL AUTO_INCREMENT,
  `wiki_content_id` int(11) NOT NULL,
  `page_id` int(11) NOT NULL,
  `author_id` int(11) DEFAULT NULL,
  `data` longblob DEFAULT NULL,
  `compression` varchar(6) DEFAULT '',
  `comments` varchar(1024) DEFAULT '',
  `updated_on` datetime NOT NULL,
  `version` int(11) NOT NULL,
  PRIMARY KEY (`id`),
  KEY `wiki_content_versions_wcid` (`wiki_content_id`),
  KEY `index_wiki_content_versions_on_updated_on` (`updated_on`)
) ENGINE=InnoDB DEFAULT CHARSET=utf8mb4 COLLATE=utf8mb4_general_ci;
/*!40101 SET character_set_client = @saved_cs_client */;

--
-- Dumping data for table `wiki_content_versions`
--

LOCK TABLES `wiki_content_versions` WRITE;
/*!40000 ALTER TABLE `wiki_content_versions` DISABLE KEYS */;
/*!40000 ALTER TABLE `wiki_content_versions` ENABLE KEYS */;
UNLOCK TABLES;

--
-- Table structure for table `wiki_contents`
--

DROP TABLE IF EXISTS `wiki_contents`;
/*!40101 SET @saved_cs_client     = @@character_set_client */;
/*!40101 SET character_set_client = utf8 */;
CREATE TABLE `wiki_contents` (
  `id` int(11) NOT NULL AUTO_INCREMENT,
  `page_id` int(11) NOT NULL,
  `author_id` int(11) DEFAULT NULL,
  `text` longtext DEFAULT NULL,
  `comments` varchar(1024) DEFAULT '',
  `updated_on` datetime NOT NULL,
  `version` int(11) NOT NULL,
  PRIMARY KEY (`id`),
  KEY `wiki_contents_page_id` (`page_id`),
  KEY `index_wiki_contents_on_author_id` (`author_id`)
) ENGINE=InnoDB DEFAULT CHARSET=utf8mb4 COLLATE=utf8mb4_general_ci;
/*!40101 SET character_set_client = @saved_cs_client */;

--
-- Dumping data for table `wiki_contents`
--

LOCK TABLES `wiki_contents` WRITE;
/*!40000 ALTER TABLE `wiki_contents` DISABLE KEYS */;
/*!40000 ALTER TABLE `wiki_contents` ENABLE KEYS */;
UNLOCK TABLES;

--
-- Table structure for table `wiki_pages`
--

DROP TABLE IF EXISTS `wiki_pages`;
/*!40101 SET @saved_cs_client     = @@character_set_client */;
/*!40101 SET character_set_client = utf8 */;
CREATE TABLE `wiki_pages` (
  `id` int(11) NOT NULL AUTO_INCREMENT,
  `wiki_id` int(11) NOT NULL,
  `title` varchar(255) NOT NULL,
  `created_on` datetime NOT NULL,
  `protected` tinyint(1) NOT NULL DEFAULT 0,
  `parent_id` int(11) DEFAULT NULL,
  PRIMARY KEY (`id`),
  KEY `wiki_pages_wiki_id_title` (`wiki_id`,`title`),
  KEY `index_wiki_pages_on_wiki_id` (`wiki_id`),
  KEY `index_wiki_pages_on_parent_id` (`parent_id`)
) ENGINE=InnoDB DEFAULT CHARSET=utf8mb4 COLLATE=utf8mb4_general_ci;
/*!40101 SET character_set_client = @saved_cs_client */;

--
-- Dumping data for table `wiki_pages`
--

LOCK TABLES `wiki_pages` WRITE;
/*!40000 ALTER TABLE `wiki_pages` DISABLE KEYS */;
/*!40000 ALTER TABLE `wiki_pages` ENABLE KEYS */;
UNLOCK TABLES;

--
-- Table structure for table `wiki_redirects`
--

DROP TABLE IF EXISTS `wiki_redirects`;
/*!40101 SET @saved_cs_client     = @@character_set_client */;
/*!40101 SET character_set_client = utf8 */;
CREATE TABLE `wiki_redirects` (
  `id` int(11) NOT NULL AUTO_INCREMENT,
  `wiki_id` int(11) NOT NULL,
  `title` varchar(255) DEFAULT NULL,
  `redirects_to` varchar(255) DEFAULT NULL,
  `created_on` datetime NOT NULL,
  `redirects_to_wiki_id` int(11) NOT NULL,
  PRIMARY KEY (`id`),
  KEY `wiki_redirects_wiki_id_title` (`wiki_id`,`title`),
  KEY `index_wiki_redirects_on_wiki_id` (`wiki_id`)
) ENGINE=InnoDB DEFAULT CHARSET=utf8mb4 COLLATE=utf8mb4_general_ci;
/*!40101 SET character_set_client = @saved_cs_client */;

--
-- Dumping data for table `wiki_redirects`
--

LOCK TABLES `wiki_redirects` WRITE;
/*!40000 ALTER TABLE `wiki_redirects` DISABLE KEYS */;
/*!40000 ALTER TABLE `wiki_redirects` ENABLE KEYS */;
UNLOCK TABLES;

--
-- Table structure for table `wikis`
--

DROP TABLE IF EXISTS `wikis`;
/*!40101 SET @saved_cs_client     = @@character_set_client */;
/*!40101 SET character_set_client = utf8 */;
CREATE TABLE `wikis` (
  `id` int(11) NOT NULL AUTO_INCREMENT,
  `project_id` int(11) NOT NULL,
  `start_page` varchar(255) NOT NULL,
  `status` int(11) NOT NULL DEFAULT 1,
  PRIMARY KEY (`id`),
  KEY `wikis_project_id` (`project_id`)
) ENGINE=InnoDB AUTO_INCREMENT=2 DEFAULT CHARSET=utf8mb4 COLLATE=utf8mb4_general_ci;
/*!40101 SET character_set_client = @saved_cs_client */;

--
-- Dumping data for table `wikis`
--

LOCK TABLES `wikis` WRITE;
/*!40000 ALTER TABLE `wikis` DISABLE KEYS */;
INSERT INTO `wikis` VALUES
(1,1,'Wiki',1);
/*!40000 ALTER TABLE `wikis` ENABLE KEYS */;
UNLOCK TABLES;

--
-- Table structure for table `workflows`
--

DROP TABLE IF EXISTS `workflows`;
/*!40101 SET @saved_cs_client     = @@character_set_client */;
/*!40101 SET character_set_client = utf8 */;
CREATE TABLE `workflows` (
  `id` int(11) NOT NULL AUTO_INCREMENT,
  `tracker_id` int(11) NOT NULL DEFAULT 0,
  `old_status_id` int(11) NOT NULL DEFAULT 0,
  `new_status_id` int(11) NOT NULL DEFAULT 0,
  `role_id` int(11) NOT NULL DEFAULT 0,
  `assignee` tinyint(1) NOT NULL DEFAULT 0,
  `author` tinyint(1) NOT NULL DEFAULT 0,
  `type` varchar(30) DEFAULT NULL,
  `field_name` varchar(30) DEFAULT NULL,
  `rule` varchar(30) DEFAULT NULL,
  PRIMARY KEY (`id`),
  KEY `wkfs_role_tracker_old_status` (`role_id`,`tracker_id`,`old_status_id`),
  KEY `index_workflows_on_old_status_id` (`old_status_id`),
  KEY `index_workflows_on_role_id` (`role_id`),
  KEY `index_workflows_on_new_status_id` (`new_status_id`),
  KEY `index_workflows_on_tracker_id` (`tracker_id`)
) ENGINE=InnoDB AUTO_INCREMENT=252 DEFAULT CHARSET=utf8mb4 COLLATE=utf8mb4_general_ci;
/*!40101 SET character_set_client = @saved_cs_client */;

--
-- Dumping data for table `workflows`
--

LOCK TABLES `workflows` WRITE;
/*!40000 ALTER TABLE `workflows` DISABLE KEYS */;
INSERT INTO `workflows` VALUES
(1,1,1,2,3,0,0,'WorkflowTransition',NULL,NULL),
(2,1,1,3,3,0,0,'WorkflowTransition',NULL,NULL),
(3,1,1,4,3,0,0,'WorkflowTransition',NULL,NULL),
(4,1,1,5,3,0,0,'WorkflowTransition',NULL,NULL),
(5,1,1,6,3,0,0,'WorkflowTransition',NULL,NULL),
(6,1,2,1,3,0,0,'WorkflowTransition',NULL,NULL),
(7,1,2,3,3,0,0,'WorkflowTransition',NULL,NULL),
(8,1,2,4,3,0,0,'WorkflowTransition',NULL,NULL),
(9,1,2,5,3,0,0,'WorkflowTransition',NULL,NULL),
(10,1,2,6,3,0,0,'WorkflowTransition',NULL,NULL),
(11,1,3,1,3,0,0,'WorkflowTransition',NULL,NULL),
(12,1,3,2,3,0,0,'WorkflowTransition',NULL,NULL),
(13,1,3,4,3,0,0,'WorkflowTransition',NULL,NULL),
(14,1,3,5,3,0,0,'WorkflowTransition',NULL,NULL),
(15,1,3,6,3,0,0,'WorkflowTransition',NULL,NULL),
(16,1,4,1,3,0,0,'WorkflowTransition',NULL,NULL),
(17,1,4,2,3,0,0,'WorkflowTransition',NULL,NULL),
(18,1,4,3,3,0,0,'WorkflowTransition',NULL,NULL),
(19,1,4,5,3,0,0,'WorkflowTransition',NULL,NULL),
(20,1,4,6,3,0,0,'WorkflowTransition',NULL,NULL),
(21,1,5,1,3,0,0,'WorkflowTransition',NULL,NULL),
(22,1,5,2,3,0,0,'WorkflowTransition',NULL,NULL),
(23,1,5,3,3,0,0,'WorkflowTransition',NULL,NULL),
(24,1,5,4,3,0,0,'WorkflowTransition',NULL,NULL),
(25,1,5,6,3,0,0,'WorkflowTransition',NULL,NULL),
(26,1,6,1,3,0,0,'WorkflowTransition',NULL,NULL),
(27,1,6,2,3,0,0,'WorkflowTransition',NULL,NULL),
(28,1,6,3,3,0,0,'WorkflowTransition',NULL,NULL),
(29,1,6,4,3,0,0,'WorkflowTransition',NULL,NULL),
(30,1,6,5,3,0,0,'WorkflowTransition',NULL,NULL),
(31,2,1,2,3,0,0,'WorkflowTransition',NULL,NULL),
(32,2,1,3,3,0,0,'WorkflowTransition',NULL,NULL),
(33,2,1,4,3,0,0,'WorkflowTransition',NULL,NULL),
(34,2,1,5,3,0,0,'WorkflowTransition',NULL,NULL),
(35,2,1,6,3,0,0,'WorkflowTransition',NULL,NULL),
(36,2,2,1,3,0,0,'WorkflowTransition',NULL,NULL),
(37,2,2,3,3,0,0,'WorkflowTransition',NULL,NULL),
(38,2,2,4,3,0,0,'WorkflowTransition',NULL,NULL),
(39,2,2,5,3,0,0,'WorkflowTransition',NULL,NULL),
(40,2,2,6,3,0,0,'WorkflowTransition',NULL,NULL),
(41,2,3,1,3,0,0,'WorkflowTransition',NULL,NULL),
(42,2,3,2,3,0,0,'WorkflowTransition',NULL,NULL),
(43,2,3,4,3,0,0,'WorkflowTransition',NULL,NULL),
(44,2,3,5,3,0,0,'WorkflowTransition',NULL,NULL),
(45,2,3,6,3,0,0,'WorkflowTransition',NULL,NULL),
(46,2,4,1,3,0,0,'WorkflowTransition',NULL,NULL),
(47,2,4,2,3,0,0,'WorkflowTransition',NULL,NULL),
(48,2,4,3,3,0,0,'WorkflowTransition',NULL,NULL),
(49,2,4,5,3,0,0,'WorkflowTransition',NULL,NULL),
(50,2,4,6,3,0,0,'WorkflowTransition',NULL,NULL),
(51,2,5,1,3,0,0,'WorkflowTransition',NULL,NULL),
(52,2,5,2,3,0,0,'WorkflowTransition',NULL,NULL),
(53,2,5,3,3,0,0,'WorkflowTransition',NULL,NULL),
(54,2,5,4,3,0,0,'WorkflowTransition',NULL,NULL),
(55,2,5,6,3,0,0,'WorkflowTransition',NULL,NULL),
(56,2,6,1,3,0,0,'WorkflowTransition',NULL,NULL),
(57,2,6,2,3,0,0,'WorkflowTransition',NULL,NULL),
(58,2,6,3,3,0,0,'WorkflowTransition',NULL,NULL),
(59,2,6,4,3,0,0,'WorkflowTransition',NULL,NULL),
(60,2,6,5,3,0,0,'WorkflowTransition',NULL,NULL),
(61,3,1,2,3,0,0,'WorkflowTransition',NULL,NULL),
(62,3,1,3,3,0,0,'WorkflowTransition',NULL,NULL),
(63,3,1,4,3,0,0,'WorkflowTransition',NULL,NULL),
(64,3,1,5,3,0,0,'WorkflowTransition',NULL,NULL),
(65,3,1,6,3,0,0,'WorkflowTransition',NULL,NULL),
(66,3,2,1,3,0,0,'WorkflowTransition',NULL,NULL),
(67,3,2,3,3,0,0,'WorkflowTransition',NULL,NULL),
(68,3,2,4,3,0,0,'WorkflowTransition',NULL,NULL),
(69,3,2,5,3,0,0,'WorkflowTransition',NULL,NULL),
(70,3,2,6,3,0,0,'WorkflowTransition',NULL,NULL),
(71,3,3,1,3,0,0,'WorkflowTransition',NULL,NULL),
(72,3,3,2,3,0,0,'WorkflowTransition',NULL,NULL),
(73,3,3,4,3,0,0,'WorkflowTransition',NULL,NULL),
(74,3,3,5,3,0,0,'WorkflowTransition',NULL,NULL),
(75,3,3,6,3,0,0,'WorkflowTransition',NULL,NULL),
(76,3,4,1,3,0,0,'WorkflowTransition',NULL,NULL),
(77,3,4,2,3,0,0,'WorkflowTransition',NULL,NULL),
(78,3,4,3,3,0,0,'WorkflowTransition',NULL,NULL),
(79,3,4,5,3,0,0,'WorkflowTransition',NULL,NULL),
(80,3,4,6,3,0,0,'WorkflowTransition',NULL,NULL),
(81,3,5,1,3,0,0,'WorkflowTransition',NULL,NULL),
(82,3,5,2,3,0,0,'WorkflowTransition',NULL,NULL),
(83,3,5,3,3,0,0,'WorkflowTransition',NULL,NULL),
(84,3,5,4,3,0,0,'WorkflowTransition',NULL,NULL),
(85,3,5,6,3,0,0,'WorkflowTransition',NULL,NULL),
(86,3,6,1,3,0,0,'WorkflowTransition',NULL,NULL),
(87,3,6,2,3,0,0,'WorkflowTransition',NULL,NULL),
(88,3,6,3,3,0,0,'WorkflowTransition',NULL,NULL),
(89,3,6,4,3,0,0,'WorkflowTransition',NULL,NULL),
(90,3,6,5,3,0,0,'WorkflowTransition',NULL,NULL),
(91,1,1,2,4,0,0,'WorkflowTransition',NULL,NULL),
(92,1,1,3,4,0,0,'WorkflowTransition',NULL,NULL),
(93,1,1,4,4,0,0,'WorkflowTransition',NULL,NULL),
(94,1,1,5,4,0,0,'WorkflowTransition',NULL,NULL),
(95,1,2,3,4,0,0,'WorkflowTransition',NULL,NULL),
(96,1,2,4,4,0,0,'WorkflowTransition',NULL,NULL),
(97,1,2,5,4,0,0,'WorkflowTransition',NULL,NULL),
(98,1,3,2,4,0,0,'WorkflowTransition',NULL,NULL),
(99,1,3,4,4,0,0,'WorkflowTransition',NULL,NULL),
(100,1,3,5,4,0,0,'WorkflowTransition',NULL,NULL),
(101,1,4,2,4,0,0,'WorkflowTransition',NULL,NULL),
(102,1,4,3,4,0,0,'WorkflowTransition',NULL,NULL),
(103,1,4,5,4,0,0,'WorkflowTransition',NULL,NULL),
(104,2,1,2,4,0,0,'WorkflowTransition',NULL,NULL),
(105,2,1,3,4,0,0,'WorkflowTransition',NULL,NULL),
(106,2,1,4,4,0,0,'WorkflowTransition',NULL,NULL),
(107,2,1,5,4,0,0,'WorkflowTransition',NULL,NULL),
(108,2,2,3,4,0,0,'WorkflowTransition',NULL,NULL),
(109,2,2,4,4,0,0,'WorkflowTransition',NULL,NULL),
(110,2,2,5,4,0,0,'WorkflowTransition',NULL,NULL),
(111,2,3,2,4,0,0,'WorkflowTransition',NULL,NULL),
(112,2,3,4,4,0,0,'WorkflowTransition',NULL,NULL),
(113,2,3,5,4,0,0,'WorkflowTransition',NULL,NULL),
(114,2,4,2,4,0,0,'WorkflowTransition',NULL,NULL),
(115,2,4,3,4,0,0,'WorkflowTransition',NULL,NULL),
(116,2,4,5,4,0,0,'WorkflowTransition',NULL,NULL),
(117,3,1,2,4,0,0,'WorkflowTransition',NULL,NULL),
(118,3,1,3,4,0,0,'WorkflowTransition',NULL,NULL),
(119,3,1,4,4,0,0,'WorkflowTransition',NULL,NULL),
(120,3,1,5,4,0,0,'WorkflowTransition',NULL,NULL),
(121,3,2,3,4,0,0,'WorkflowTransition',NULL,NULL),
(122,3,2,4,4,0,0,'WorkflowTransition',NULL,NULL),
(123,3,2,5,4,0,0,'WorkflowTransition',NULL,NULL),
(124,3,3,2,4,0,0,'WorkflowTransition',NULL,NULL),
(125,3,3,4,4,0,0,'WorkflowTransition',NULL,NULL),
(126,3,3,5,4,0,0,'WorkflowTransition',NULL,NULL),
(127,3,4,2,4,0,0,'WorkflowTransition',NULL,NULL),
(128,3,4,3,4,0,0,'WorkflowTransition',NULL,NULL),
(129,3,4,5,4,0,0,'WorkflowTransition',NULL,NULL),
(130,1,1,5,5,0,0,'WorkflowTransition',NULL,NULL),
(131,1,2,5,5,0,0,'WorkflowTransition',NULL,NULL),
(132,1,3,5,5,0,0,'WorkflowTransition',NULL,NULL),
(133,1,4,5,5,0,0,'WorkflowTransition',NULL,NULL),
(134,1,3,4,5,0,0,'WorkflowTransition',NULL,NULL),
(135,2,1,5,5,0,0,'WorkflowTransition',NULL,NULL),
(136,2,2,5,5,0,0,'WorkflowTransition',NULL,NULL),
(137,2,3,5,5,0,0,'WorkflowTransition',NULL,NULL),
(138,2,4,5,5,0,0,'WorkflowTransition',NULL,NULL),
(139,2,3,4,5,0,0,'WorkflowTransition',NULL,NULL),
(140,3,1,5,5,0,0,'WorkflowTransition',NULL,NULL),
(141,3,2,5,5,0,0,'WorkflowTransition',NULL,NULL),
(142,3,3,5,5,0,0,'WorkflowTransition',NULL,NULL),
(143,3,4,5,5,0,0,'WorkflowTransition',NULL,NULL),
(144,3,3,4,5,0,0,'WorkflowTransition',NULL,NULL),
(145,4,0,2,3,0,0,'WorkflowTransition',NULL,NULL),
(146,4,0,3,3,0,0,'WorkflowTransition',NULL,NULL),
(147,4,0,4,3,0,0,'WorkflowTransition',NULL,NULL),
(148,4,0,5,3,0,0,'WorkflowTransition',NULL,NULL),
(149,4,0,6,3,0,0,'WorkflowTransition',NULL,NULL),
(150,4,1,2,3,0,0,'WorkflowTransition',NULL,NULL),
(151,4,1,3,3,0,0,'WorkflowTransition',NULL,NULL),
(152,4,1,4,3,0,0,'WorkflowTransition',NULL,NULL),
(153,4,1,5,3,0,0,'WorkflowTransition',NULL,NULL),
(154,4,1,6,3,0,0,'WorkflowTransition',NULL,NULL),
(155,4,2,1,3,0,0,'WorkflowTransition',NULL,NULL),
(156,4,2,3,3,0,0,'WorkflowTransition',NULL,NULL),
(157,4,2,4,3,0,0,'WorkflowTransition',NULL,NULL),
(158,4,2,5,3,0,0,'WorkflowTransition',NULL,NULL),
(159,4,2,6,3,0,0,'WorkflowTransition',NULL,NULL),
(160,4,3,1,3,0,0,'WorkflowTransition',NULL,NULL),
(161,4,3,2,3,0,0,'WorkflowTransition',NULL,NULL),
(162,4,3,4,3,0,0,'WorkflowTransition',NULL,NULL),
(163,4,3,5,3,0,0,'WorkflowTransition',NULL,NULL),
(164,4,3,6,3,0,0,'WorkflowTransition',NULL,NULL),
(165,4,4,1,3,0,0,'WorkflowTransition',NULL,NULL),
(166,4,4,2,3,0,0,'WorkflowTransition',NULL,NULL),
(167,4,4,3,3,0,0,'WorkflowTransition',NULL,NULL),
(168,4,4,5,3,0,0,'WorkflowTransition',NULL,NULL),
(169,4,4,6,3,0,0,'WorkflowTransition',NULL,NULL),
(170,4,5,1,3,0,0,'WorkflowTransition',NULL,NULL),
(171,4,5,2,3,0,0,'WorkflowTransition',NULL,NULL),
(172,4,5,3,3,0,0,'WorkflowTransition',NULL,NULL),
(173,4,5,4,3,0,0,'WorkflowTransition',NULL,NULL),
(174,4,5,6,3,0,0,'WorkflowTransition',NULL,NULL),
(175,4,6,1,3,0,0,'WorkflowTransition',NULL,NULL),
(176,4,6,2,3,0,0,'WorkflowTransition',NULL,NULL),
(177,4,6,3,3,0,0,'WorkflowTransition',NULL,NULL),
(178,4,6,4,3,0,0,'WorkflowTransition',NULL,NULL),
(179,4,6,5,3,0,0,'WorkflowTransition',NULL,NULL),
(180,4,0,1,4,0,0,'WorkflowTransition',NULL,NULL),
(181,4,0,2,4,0,0,'WorkflowTransition',NULL,NULL),
(182,4,0,3,4,0,0,'WorkflowTransition',NULL,NULL),
(183,4,0,4,4,0,0,'WorkflowTransition',NULL,NULL),
(184,4,0,5,4,0,0,'WorkflowTransition',NULL,NULL),
(185,4,0,6,4,0,0,'WorkflowTransition',NULL,NULL),
(186,4,1,2,4,0,0,'WorkflowTransition',NULL,NULL),
(187,4,1,3,4,0,0,'WorkflowTransition',NULL,NULL),
(188,4,1,4,4,0,0,'WorkflowTransition',NULL,NULL),
(189,4,1,5,4,0,0,'WorkflowTransition',NULL,NULL),
(190,4,1,6,4,0,0,'WorkflowTransition',NULL,NULL),
(191,4,2,1,4,0,0,'WorkflowTransition',NULL,NULL),
(192,4,2,3,4,0,0,'WorkflowTransition',NULL,NULL),
(193,4,2,4,4,0,0,'WorkflowTransition',NULL,NULL),
(194,4,2,5,4,0,0,'WorkflowTransition',NULL,NULL),
(195,4,2,6,4,0,0,'WorkflowTransition',NULL,NULL),
(196,4,3,1,4,0,0,'WorkflowTransition',NULL,NULL),
(197,4,3,2,4,0,0,'WorkflowTransition',NULL,NULL),
(198,4,3,4,4,0,0,'WorkflowTransition',NULL,NULL),
(199,4,3,5,4,0,0,'WorkflowTransition',NULL,NULL),
(200,4,3,6,4,0,0,'WorkflowTransition',NULL,NULL),
(201,4,4,1,4,0,0,'WorkflowTransition',NULL,NULL),
(202,4,4,2,4,0,0,'WorkflowTransition',NULL,NULL),
(203,4,4,3,4,0,0,'WorkflowTransition',NULL,NULL),
(204,4,4,5,4,0,0,'WorkflowTransition',NULL,NULL),
(205,4,4,6,4,0,0,'WorkflowTransition',NULL,NULL),
(206,4,5,1,4,0,0,'WorkflowTransition',NULL,NULL),
(207,4,5,2,4,0,0,'WorkflowTransition',NULL,NULL),
(208,4,5,3,4,0,0,'WorkflowTransition',NULL,NULL),
(209,4,5,4,4,0,0,'WorkflowTransition',NULL,NULL),
(210,4,5,6,4,0,0,'WorkflowTransition',NULL,NULL),
(211,4,6,1,4,0,0,'WorkflowTransition',NULL,NULL),
(212,4,6,2,4,0,0,'WorkflowTransition',NULL,NULL),
(213,4,6,3,4,0,0,'WorkflowTransition',NULL,NULL),
(214,4,6,4,4,0,0,'WorkflowTransition',NULL,NULL),
(215,4,6,5,4,0,0,'WorkflowTransition',NULL,NULL),
(216,4,0,1,5,0,0,'WorkflowTransition',NULL,NULL),
(217,4,0,2,5,0,0,'WorkflowTransition',NULL,NULL),
(218,4,0,3,5,0,0,'WorkflowTransition',NULL,NULL),
(219,4,0,4,5,0,0,'WorkflowTransition',NULL,NULL),
(220,4,0,5,5,0,0,'WorkflowTransition',NULL,NULL),
(221,4,0,6,5,0,0,'WorkflowTransition',NULL,NULL),
(222,4,1,2,5,0,0,'WorkflowTransition',NULL,NULL),
(223,4,1,3,5,0,0,'WorkflowTransition',NULL,NULL),
(224,4,1,4,5,0,0,'WorkflowTransition',NULL,NULL),
(225,4,1,5,5,0,0,'WorkflowTransition',NULL,NULL),
(226,4,1,6,5,0,0,'WorkflowTransition',NULL,NULL),
(227,4,2,1,5,0,0,'WorkflowTransition',NULL,NULL),
(228,4,2,3,5,0,0,'WorkflowTransition',NULL,NULL),
(229,4,2,4,5,0,0,'WorkflowTransition',NULL,NULL),
(230,4,2,5,5,0,0,'WorkflowTransition',NULL,NULL),
(231,4,2,6,5,0,0,'WorkflowTransition',NULL,NULL),
(232,4,3,1,5,0,0,'WorkflowTransition',NULL,NULL),
(233,4,3,2,5,0,0,'WorkflowTransition',NULL,NULL),
(234,4,3,4,5,0,0,'WorkflowTransition',NULL,NULL),
(235,4,3,5,5,0,0,'WorkflowTransition',NULL,NULL),
(236,4,3,6,5,0,0,'WorkflowTransition',NULL,NULL),
(237,4,4,1,5,0,0,'WorkflowTransition',NULL,NULL),
(238,4,4,2,5,0,0,'WorkflowTransition',NULL,NULL),
(239,4,4,3,5,0,0,'WorkflowTransition',NULL,NULL),
(240,4,4,5,5,0,0,'WorkflowTransition',NULL,NULL),
(241,4,4,6,5,0,0,'WorkflowTransition',NULL,NULL),
(242,4,5,1,5,0,0,'WorkflowTransition',NULL,NULL),
(243,4,5,2,5,0,0,'WorkflowTransition',NULL,NULL),
(244,4,5,3,5,0,0,'WorkflowTransition',NULL,NULL),
(245,4,5,4,5,0,0,'WorkflowTransition',NULL,NULL),
(246,4,5,6,5,0,0,'WorkflowTransition',NULL,NULL),
(247,4,6,1,5,0,0,'WorkflowTransition',NULL,NULL),
(248,4,6,2,5,0,0,'WorkflowTransition',NULL,NULL),
(249,4,6,3,5,0,0,'WorkflowTransition',NULL,NULL),
(250,4,6,4,5,0,0,'WorkflowTransition',NULL,NULL),
(251,4,6,5,5,0,0,'WorkflowTransition',NULL,NULL);
/*!40000 ALTER TABLE `workflows` ENABLE KEYS */;
UNLOCK TABLES;
/*!40103 SET TIME_ZONE=@OLD_TIME_ZONE */;

/*!40101 SET SQL_MODE=@OLD_SQL_MODE */;
/*!40014 SET FOREIGN_KEY_CHECKS=@OLD_FOREIGN_KEY_CHECKS */;
/*!40014 SET UNIQUE_CHECKS=@OLD_UNIQUE_CHECKS */;
/*!40101 SET CHARACTER_SET_CLIENT=@OLD_CHARACTER_SET_CLIENT */;
/*!40101 SET CHARACTER_SET_RESULTS=@OLD_CHARACTER_SET_RESULTS */;
/*!40101 SET COLLATION_CONNECTION=@OLD_COLLATION_CONNECTION */;
/*!40111 SET SQL_NOTES=@OLD_SQL_NOTES */;

-- Dump completed on 2023-07-14  7:07:17
